source,target,correlation,direct,cor
ASV_1404,ASV_1,0.993558181687431,undirected,+
ASV_187,ASV_29,0.992159932949112,undirected,+
ASV_1182,ASV_29,-0.992935176467372,undirected,-
ASV_805,ASV_3,-0.993049562901919,undirected,-
ASV_2219,ASV_131,0.998807062899386,undirected,+
ASV_890,ASV_131,0.992268983222376,undirected,+
ASV_7711,ASV_131,0.998959162899605,undirected,+
ASV_70,ASV_17,0.995100156713173,undirected,+
ASV_666,ASV_17,0.994520550543809,undirected,+
ASV_555,ASV_5,0.991962378413992,undirected,+
ASV_372,ASV_5,0.998058396330935,undirected,+
ASV_713,ASV_5,0.990650510291287,undirected,+
ASV_330,ASV_5,0.995292669951773,undirected,+
ASV_669,ASV_5,0.991462635476671,undirected,+
ASV_99,ASV_268,0.990467542236254,undirected,+
ASV_1138,ASV_268,0.990787276598223,undirected,+
ASV_3037,ASV_60,0.994522965431115,undirected,+
ASV_1711,ASV_60,0.996747742102051,undirected,+
ASV_142,ASV_22,-0.992186416740854,undirected,-
ASV_286,ASV_148,0.990830469437839,undirected,+
ASV_2113,ASV_148,0.997055585129277,undirected,+
ASV_1783,ASV_127,0.991464491037168,undirected,+
ASV_276,ASV_34,-0.993129763322309,undirected,-
ASV_1745,ASV_34,0.990558645219852,undirected,+
ASV_865,ASV_34,0.994680221158983,undirected,+
ASV_33,ASV_185,-0.991855066052603,undirected,-
ASV_65,ASV_185,-0.992859250255218,undirected,-
ASV_866,ASV_185,-0.995848901934684,undirected,-
ASV_299,ASV_185,-0.993308584240969,undirected,-
ASV_6,ASV_185,-0.99113977997296,undirected,-
ASV_221,ASV_185,-0.994128261870124,undirected,-
ASV_223,ASV_185,-0.99617640053665,undirected,-
ASV_504,ASV_185,-0.991938610828587,undirected,-
ASV_674,ASV_185,-0.996009497748211,undirected,-
ASV_869,ASV_185,-0.994645668642501,undirected,-
ASV_1745,ASV_185,-0.990987349156077,undirected,-
ASV_3126,ASV_185,-0.995589349287611,undirected,-
ASV_511,ASV_185,-0.995366217042538,undirected,-
ASV_1421,ASV_185,-0.993868744882968,undirected,-
ASV_905,ASV_185,-0.991710437969589,undirected,-
ASV_959,ASV_185,-0.990524497736235,undirected,-
ASV_3000,ASV_185,-0.997165630875303,undirected,-
ASV_1924,ASV_185,-0.990997937383271,undirected,-
ASV_4919,ASV_185,-0.990682600293552,undirected,-
ASV_107,ASV_214,-0.994306140660178,undirected,-
ASV_221,ASV_214,0.990825906902295,undirected,+
ASV_223,ASV_214,0.992712943083368,undirected,+
ASV_418,ASV_214,0.996990859199185,undirected,+
ASV_691,ASV_214,0.998770298164989,undirected,+
ASV_2759,ASV_214,0.991269948829249,undirected,+
ASV_1195,ASV_214,0.99485394423737,undirected,+
ASV_183,ASV_214,0.998138401383779,undirected,+
ASV_869,ASV_214,0.993827950516019,undirected,+
ASV_1745,ASV_214,0.990453210568543,undirected,+
ASV_4867,ASV_214,0.997769876992544,undirected,+
ASV_511,ASV_214,0.992350041127755,undirected,+
ASV_959,ASV_214,0.990933114217197,undirected,+
ASV_3230,ASV_214,0.993220893363697,undirected,+
ASV_6465,ASV_214,0.990383551126673,undirected,+
ASV_3356,ASV_214,0.998380603813937,undirected,+
ASV_7049,ASV_214,0.994624040671407,undirected,+
ASV_47,ASV_9,0.99688291386532,undirected,+
ASV_149,ASV_9,0.994310992387926,undirected,+
ASV_677,ASV_9,0.991310747008431,undirected,+
ASV_55,ASV_67,0.995565225139733,undirected,+
ASV_725,ASV_67,0.998275115403962,undirected,+
ASV_843,ASV_67,0.994167421977277,undirected,+
ASV_1111,ASV_67,0.991585585182779,undirected,+
ASV_2714,ASV_67,0.993704991823583,undirected,+
ASV_1059,ASV_32,0.99037751916752,undirected,+
ASV_3759,ASV_32,0.990407772473538,undirected,+
ASV_28,ASV_273,-0.991322482444681,undirected,-
ASV_284,ASV_24,0.995169518314934,undirected,+
ASV_408,ASV_24,0.990681255243184,undirected,+
ASV_6232,ASV_24,0.992495716509338,undirected,+
ASV_6465,ASV_24,0.990632767594544,undirected,+
ASV_67,ASV_55,0.995565225139733,undirected,+
ASV_725,ASV_55,0.994443200518831,undirected,+
ASV_843,ASV_55,0.994613056286209,undirected,+
ASV_185,ASV_33,-0.991855066052603,undirected,-
ASV_50,ASV_33,0.997382764643504,undirected,+
ASV_866,ASV_33,0.990655605086487,undirected,+
ASV_6,ASV_33,0.997703032289124,undirected,+
ASV_504,ASV_33,0.996278571152849,undirected,+
ASV_674,ASV_33,0.995501501963225,undirected,+
ASV_947,ASV_33,0.995611347952144,undirected,+
ASV_377,ASV_33,-0.990834332781755,undirected,-
ASV_659,ASV_33,0.991252282813438,undirected,+
ASV_1421,ASV_33,0.999302131184372,undirected,+
ASV_3000,ASV_33,0.990809493351215,undirected,+
ASV_2529,ASV_33,0.99445760894261,undirected,+
ASV_267,ASV_33,0.992093217549263,undirected,+
ASV_2971,ASV_33,0.990259465679221,undirected,+
ASV_4919,ASV_33,0.995315079569655,undirected,+
ASV_2316,ASV_33,0.995284456211327,undirected,+
ASV_2582,ASV_33,0.994605684371179,undirected,+
ASV_34,ASV_276,-0.993129763322309,undirected,-
ASV_1377,ASV_19,-0.990600550344876,undirected,-
ASV_434,ASV_19,-0.995528292208983,undirected,-
ASV_911,ASV_4,0.991317910454282,undirected,+
ASV_9,ASV_47,0.99688291386532,undirected,+
ASV_149,ASV_47,0.990671960209638,undirected,+
ASV_328,ASV_47,0.99348150924709,undirected,+
ASV_677,ASV_47,0.991781516821676,undirected,+
ASV_7046,ASV_47,0.992007024221129,undirected,+
ASV_8377,ASV_47,0.990464193311561,undirected,+
ASV_466,ASV_49,-0.994084371517002,undirected,-
ASV_524,ASV_49,-0.994943667548546,undirected,-
ASV_795,ASV_77,0.996022669558221,undirected,+
ASV_677,ASV_77,0.991518503636474,undirected,+
ASV_824,ASV_15,-0.995379807439749,undirected,-
ASV_3048,ASV_196,0.991856302605341,undirected,+
ASV_1306,ASV_71,0.994170907354235,undirected,+
ASV_17,ASV_70,0.995100156713173,undirected,+
ASV_218,ASV_70,0.991027933784093,undirected,+
ASV_1195,ASV_70,0.99469650659141,undirected,+
ASV_1745,ASV_70,0.991998549644538,undirected,+
ASV_959,ASV_70,0.994385796705092,undirected,+
ASV_273,ASV_28,-0.991322482444681,undirected,-
ASV_503,ASV_28,-0.996083073010773,undirected,-
ASV_179,ASV_28,0.991399581597224,undirected,+
ASV_1836,ASV_28,-0.991566124623287,undirected,-
ASV_341,ASV_492,0.995327392649461,undirected,+
ASV_163,ASV_96,0.992511158953787,undirected,+
ASV_865,ASV_219,-0.992313317888172,undirected,-
ASV_590,ASV_219,-0.992448736383808,undirected,-
ASV_3075,ASV_219,0.990294459102577,undirected,+
ASV_33,ASV_50,0.997382764643504,undirected,+
ASV_6,ASV_50,0.995864451280888,undirected,+
ASV_504,ASV_50,0.996161579656898,undirected,+
ASV_947,ASV_50,0.991727488064849,undirected,+
ASV_2593,ASV_50,0.991991993628799,undirected,+
ASV_659,ASV_50,0.992715300791117,undirected,+
ASV_1421,ASV_50,0.995108099314768,undirected,+
ASV_2529,ASV_50,0.994662095005948,undirected,+
ASV_267,ASV_50,0.994749258116695,undirected,+
ASV_2971,ASV_50,0.997348633051837,undirected,+
ASV_4919,ASV_50,0.991087182805713,undirected,+
ASV_2412,ASV_50,0.995271074669776,undirected,+
ASV_2316,ASV_50,0.997380999096423,undirected,+
ASV_2582,ASV_50,0.995431629129677,undirected,+
ASV_170,ASV_298,0.991531762100305,undirected,+
ASV_494,ASV_298,0.990575252698834,undirected,+
ASV_185,ASV_65,-0.992859250255218,undirected,-
ASV_299,ASV_65,0.992549223058211,undirected,+
ASV_6,ASV_65,0.991618432018036,undirected,+
ASV_504,ASV_65,0.992624761977067,undirected,+
ASV_2206,ASV_65,0.997525262071731,undirected,+
ASV_590,ASV_65,0.993882603756347,undirected,+
ASV_659,ASV_65,0.995003592424241,undirected,+
ASV_2992,ASV_65,0.9931542663539,undirected,+
ASV_1095,ASV_65,0.995909119795776,undirected,+
ASV_905,ASV_65,0.99572179426076,undirected,+
ASV_354,ASV_204,0.997442356822982,undirected,+
ASV_214,ASV_107,-0.994306140660178,undirected,-
ASV_691,ASV_107,-0.994035847762026,undirected,-
ASV_183,ASV_107,-0.996458279716244,undirected,-
ASV_3075,ASV_107,0.990887889325665,undirected,+
ASV_3230,ASV_107,-0.995991931489195,undirected,-
ASV_3356,ASV_107,-0.996339886392815,undirected,-
ASV_2403,ASV_107,-0.994561348980299,undirected,-
ASV_700,ASV_165,0.994384487620927,undirected,+
ASV_506,ASV_188,0.99140166611306,undirected,+
ASV_780,ASV_188,0.992264991522011,undirected,+
ASV_2992,ASV_188,0.992443254210765,undirected,+
ASV_4925,ASV_188,0.994177175364779,undirected,+
ASV_95,ASV_217,0.99528974980192,undirected,+
ASV_230,ASV_217,0.994785302553437,undirected,+
ASV_489,ASV_42,0.993455400505762,undirected,+
ASV_112,ASV_417,0.991075334932023,undirected,+
ASV_1836,ASV_417,0.993081568967394,undirected,+
ASV_185,ASV_866,-0.995848901934684,undirected,-
ASV_33,ASV_866,0.990655605086487,undirected,+
ASV_221,ASV_866,0.998312978283205,undirected,+
ASV_223,ASV_866,0.995358420988119,undirected,+
ASV_674,ASV_866,0.994380502535225,undirected,+
ASV_418,ASV_866,0.994540189186035,undirected,+
ASV_947,ASV_866,0.991827120692596,undirected,+
ASV_506,ASV_866,0.991933004396922,undirected,+
ASV_869,ASV_866,0.995300864786355,undirected,+
ASV_3126,ASV_866,0.995472856653194,undirected,+
ASV_511,ASV_866,0.993767841742407,undirected,+
ASV_1421,ASV_866,0.994128255006705,undirected,+
ASV_905,ASV_866,0.992588354983254,undirected,+
ASV_3000,ASV_866,0.997077523537399,undirected,+
ASV_1924,ASV_866,0.990780733511139,undirected,+
ASV_185,ASV_299,-0.993308584240969,undirected,-
ASV_65,ASV_299,0.992549223058211,undirected,+
ASV_6,ASV_299,0.992825866943367,undirected,+
ASV_674,ASV_299,0.992275463977224,undirected,+
ASV_3126,ASV_299,0.991744286220443,undirected,+
ASV_659,ASV_299,0.991161659712397,undirected,+
ASV_1421,ASV_299,0.990359267029808,undirected,+
ASV_3000,ASV_299,0.993476675847415,undirected,+
ASV_101,ASV_74,0.993163874693321,undirected,+
ASV_217,ASV_95,0.99528974980192,undirected,+
ASV_230,ASV_95,0.99500066710809,undirected,+
ASV_1377,ASV_364,-0.999667007943446,undirected,-
ASV_2137,ASV_364,-0.990730285009371,undirected,-
ASV_1980,ASV_116,0.990440404265813,undirected,+
ASV_933,ASV_278,0.991491360141538,undirected,+
ASV_9,ASV_149,0.994310992387926,undirected,+
ASV_47,ASV_149,0.990671960209638,undirected,+
ASV_383,ASV_149,0.990831182278389,undirected,+
ASV_434,ASV_59,-0.994110163034997,undirected,-
ASV_234,ASV_59,-0.990930625612993,undirected,-
ASV_801,ASV_59,0.993817250527672,undirected,+
ASV_336,ASV_12,0.991328541872058,undirected,+
ASV_74,ASV_101,0.993163874693321,undirected,+
ASV_7118,ASV_101,0.993967147224637,undirected,+
ASV_3704,ASV_101,0.991032069744092,undirected,+
ASV_247,ASV_73,0.994649062828224,undirected,+
ASV_2804,ASV_73,0.990701863731952,undirected,+
ASV_264,ASV_73,0.990710118004797,undirected,+
ASV_992,ASV_73,0.993008537672221,undirected,+
ASV_3704,ASV_73,0.994871823864752,undirected,+
ASV_481,ASV_114,0.992910862210306,undirected,+
ASV_641,ASV_27,0.990969018059734,undirected,+
ASV_954,ASV_109,0.990956601723556,undirected,+
ASV_191,ASV_62,0.997893994332443,undirected,+
ASV_185,ASV_6,-0.99113977997296,undirected,-
ASV_33,ASV_6,0.997703032289124,undirected,+
ASV_50,ASV_6,0.995864451280888,undirected,+
ASV_65,ASV_6,0.991618432018036,undirected,+
ASV_299,ASV_6,0.992825866943367,undirected,+
ASV_504,ASV_6,0.994179646839971,undirected,+
ASV_674,ASV_6,0.99361355148407,undirected,+
ASV_947,ASV_6,0.997162612314361,undirected,+
ASV_2206,ASV_6,0.992790934585276,undirected,+
ASV_659,ASV_6,0.997083866932434,undirected,+
ASV_1421,ASV_6,0.998714148122085,undirected,+
ASV_3000,ASV_6,0.990308534185898,undirected,+
ASV_2529,ASV_6,0.991288430580135,undirected,+
ASV_4919,ASV_6,0.992529828974191,undirected,+
ASV_2316,ASV_6,0.992191060737433,undirected,+
ASV_62,ASV_191,0.997893994332443,undirected,+
ASV_67,ASV_725,0.998275115403962,undirected,+
ASV_55,ASV_725,0.994443200518831,undirected,+
ASV_843,ASV_725,0.992405051384667,undirected,+
ASV_1111,ASV_725,0.996535138509789,undirected,+
ASV_2714,ASV_725,0.995294459827806,undirected,+
ASV_7817,ASV_716,0.992625043845422,undirected,+
ASV_1996,ASV_63,0.995896537935824,undirected,+
ASV_28,ASV_503,-0.996083073010773,undirected,-
ASV_2900,ASV_503,0.990931671896818,undirected,+
ASV_870,ASV_1722,0.994831149167732,undirected,+
ASV_1223,ASV_1722,0.991326748558397,undirected,+
ASV_3464,ASV_1722,0.993293845582065,undirected,+
ASV_6758,ASV_1722,0.993393992568865,undirected,+
ASV_5,ASV_555,0.991962378413992,undirected,+
ASV_3241,ASV_555,0.991535432165239,undirected,+
ASV_372,ASV_555,0.991565840056843,undirected,+
ASV_1344,ASV_555,0.995986191100098,undirected,+
ASV_330,ASV_555,0.99278354898537,undirected,+
ASV_8823,ASV_555,0.991495298682578,undirected,+
ASV_1826,ASV_555,0.99566321938834,undirected,+
ASV_3759,ASV_555,0.992051334543926,undirected,+
ASV_733,ASV_157,0.99163451061666,undirected,+
ASV_123,ASV_397,-0.99069741621155,undirected,-
ASV_323,ASV_397,-0.99133335828605,undirected,-
ASV_674,ASV_767,0.992467594000688,undirected,+
ASV_1349,ASV_767,0.996910757452418,undirected,+
ASV_3126,ASV_767,0.991970416225687,undirected,+
ASV_999,ASV_767,0.995845416347236,undirected,+
ASV_1993,ASV_767,0.993708140975098,undirected,+
ASV_2529,ASV_767,0.990274446721076,undirected,+
ASV_1924,ASV_767,0.994172571508417,undirected,+
ASV_4919,ASV_767,0.995065034045084,undirected,+
ASV_2907,ASV_1378,0.99150640597142,undirected,+
ASV_185,ASV_221,-0.994128261870124,undirected,-
ASV_214,ASV_221,0.990825906902295,undirected,+
ASV_866,ASV_221,0.998312978283205,undirected,+
ASV_223,ASV_221,0.992271251166105,undirected,+
ASV_418,ASV_221,0.993209380966509,undirected,+
ASV_506,ASV_221,0.996089054658756,undirected,+
ASV_2759,ASV_221,0.992630843829291,undirected,+
ASV_869,ASV_221,0.992070618127374,undirected,+
ASV_511,ASV_221,0.996599942925148,undirected,+
ASV_905,ASV_221,0.995228244799805,undirected,+
ASV_959,ASV_221,0.991496247936706,undirected,+
ASV_3000,ASV_221,0.992909338953616,undirected,+
ASV_185,ASV_223,-0.99617640053665,undirected,-
ASV_214,ASV_223,0.992712943083368,undirected,+
ASV_866,ASV_223,0.995358420988119,undirected,+
ASV_221,ASV_223,0.992271251166105,undirected,+
ASV_674,ASV_223,0.995428328522786,undirected,+
ASV_418,ASV_223,0.996192512945095,undirected,+
ASV_691,ASV_223,0.994042486208383,undirected,+
ASV_1195,ASV_223,0.991405907582058,undirected,+
ASV_1349,ASV_223,0.993915289615362,undirected,+
ASV_183,ASV_223,0.992676424069254,undirected,+
ASV_869,ASV_223,0.999624670598942,undirected,+
ASV_3126,ASV_223,0.998090156032943,undirected,+
ASV_511,ASV_223,0.993558452895111,undirected,+
ASV_1993,ASV_223,0.99437737492491,undirected,+
ASV_3000,ASV_223,0.998100012860303,undirected,+
ASV_1924,ASV_223,0.997497028200236,undirected,+
ASV_3356,ASV_223,0.991029989422288,undirected,+
ASV_357,ASV_106,-0.991041105787954,undirected,-
ASV_4739,ASV_106,-0.992316059060868,undirected,-
ASV_22,ASV_142,-0.992186416740854,undirected,-
ASV_185,ASV_504,-0.991938610828587,undirected,-
ASV_33,ASV_504,0.996278571152849,undirected,+
ASV_50,ASV_504,0.996161579656898,undirected,+
ASV_65,ASV_504,0.992624761977067,undirected,+
ASV_6,ASV_504,0.994179646839971,undirected,+
ASV_947,ASV_504,0.992284044581279,undirected,+
ASV_802,ASV_504,0.991057571895868,undirected,+
ASV_2206,ASV_504,0.992729063273625,undirected,+
ASV_590,ASV_504,0.990280949485894,undirected,+
ASV_659,ASV_504,0.992352224276121,undirected,+
ASV_1421,ASV_504,0.995249708584427,undirected,+
ASV_1095,ASV_504,0.993905944429014,undirected,+
ASV_2971,ASV_504,0.993165656255261,undirected,+
ASV_2316,ASV_504,0.9912393309486,undirected,+
ASV_97,ASV_16,0.992256523774436,undirected,+
ASV_1842,ASV_16,0.994229768402084,undirected,+
ASV_3149,ASV_16,0.994399572422696,undirected,+
ASV_1077,ASV_16,0.995230199632629,undirected,+
ASV_5128,ASV_16,0.991537465372958,undirected,+
ASV_1155,ASV_16,0.990421471996042,undirected,+
ASV_1018,ASV_16,0.996538055664441,undirected,+
ASV_6361,ASV_16,0.992312670580299,undirected,+
ASV_49,ASV_466,-0.994084371517002,undirected,-
ASV_1029,ASV_466,0.990305225633092,undirected,+
ASV_402,ASV_466,0.994178983422533,undirected,+
ASV_370,ASV_466,0.995844422435218,undirected,+
ASV_328,ASV_245,0.991664329504316,undirected,+
ASV_1327,ASV_245,0.994598828713906,undirected,+
ASV_2412,ASV_245,0.99247998576557,undirected,+
ASV_409,ASV_450,0.99141655146017,undirected,+
ASV_2593,ASV_450,0.997904140282739,undirected,+
ASV_125,ASV_450,0.993771895877498,undirected,+
ASV_1327,ASV_450,0.993838030587914,undirected,+
ASV_4269,ASV_450,0.99272303406307,undirected,+
ASV_1535,ASV_450,0.995135980857416,undirected,+
ASV_1069,ASV_450,0.991739404910717,undirected,+
ASV_2387,ASV_450,0.996444392795678,undirected,+
ASV_1116,ASV_450,0.992895716030574,undirected,+
ASV_3990,ASV_450,0.991960681861579,undirected,+
ASV_2971,ASV_450,0.991578969370376,undirected,+
ASV_4776,ASV_450,0.997089153507905,undirected,+
ASV_2412,ASV_450,0.99409020028606,undirected,+
ASV_397,ASV_123,-0.99069741621155,undirected,-
ASV_24,ASV_284,0.995169518314934,undirected,+
ASV_508,ASV_284,0.996377160582921,undirected,+
ASV_2759,ASV_284,0.990338472063759,undirected,+
ASV_408,ASV_284,0.993421783653946,undirected,+
ASV_4867,ASV_284,0.99281478882445,undirected,+
ASV_1331,ASV_284,0.990397702117501,undirected,+
ASV_1119,ASV_284,0.990850917707965,undirected,+
ASV_6232,ASV_284,0.999452742805062,undirected,+
ASV_6465,ASV_284,0.992133387164409,undirected,+
ASV_146,ASV_284,0.993468890254354,undirected,+
ASV_1737,ASV_284,0.991641909605213,undirected,+
ASV_1949,ASV_118,0.991296972287954,undirected,+
ASV_185,ASV_674,-0.996009497748211,undirected,-
ASV_33,ASV_674,0.995501501963225,undirected,+
ASV_866,ASV_674,0.994380502535225,undirected,+
ASV_299,ASV_674,0.992275463977224,undirected,+
ASV_6,ASV_674,0.99361355148407,undirected,+
ASV_767,ASV_674,0.992467594000688,undirected,+
ASV_223,ASV_674,0.995428328522786,undirected,+
ASV_1349,ASV_674,0.994435277359029,undirected,+
ASV_869,ASV_674,0.994821399458753,undirected,+
ASV_3126,ASV_674,0.998685349570003,undirected,+
ASV_999,ASV_674,0.994023224674022,undirected,+
ASV_1421,ASV_674,0.996260818521501,undirected,+
ASV_1993,ASV_674,0.991136243001927,undirected,+
ASV_3000,ASV_674,0.998438497814954,undirected,+
ASV_2529,ASV_674,0.992648746428325,undirected,+
ASV_1924,ASV_674,0.996364879796638,undirected,+
ASV_4919,ASV_674,0.998185760187386,undirected,+
ASV_2316,ASV_674,0.990372780721383,undirected,+
ASV_264,ASV_239,0.991245209715207,undirected,+
ASV_84,ASV_239,0.990264534225336,undirected,+
ASV_5020,ASV_239,0.991045319594397,undirected,+
ASV_1404,ASV_239,0.997257194927347,undirected,+
ASV_214,ASV_418,0.996990859199185,undirected,+
ASV_866,ASV_418,0.994540189186035,undirected,+
ASV_221,ASV_418,0.993209380966509,undirected,+
ASV_223,ASV_418,0.996192512945095,undirected,+
ASV_691,ASV_418,0.997673969757167,undirected,+
ASV_1195,ASV_418,0.990746995992412,undirected,+
ASV_183,ASV_418,0.996095643376558,undirected,+
ASV_869,ASV_418,0.997785583494409,undirected,+
ASV_3126,ASV_418,0.994117775936993,undirected,+
ASV_4867,ASV_418,0.993431944965417,undirected,+
ASV_511,ASV_418,0.990265470648628,undirected,+
ASV_1993,ASV_418,0.990490565277411,undirected,+
ASV_3000,ASV_418,0.994539852637994,undirected,+
ASV_1924,ASV_418,0.992823112597654,undirected,+
ASV_3356,ASV_418,0.995006262450573,undirected,+
ASV_7049,ASV_418,0.992515431411837,undirected,+
ASV_316,ASV_141,0.992040639595308,undirected,+
ASV_1227,ASV_470,0.996513889433412,undirected,+
ASV_293,ASV_470,0.996353536937866,undirected,+
ASV_216,ASV_470,0.990539734007589,undirected,+
ASV_629,ASV_470,0.999164202848732,undirected,+
ASV_1331,ASV_470,0.990901687677411,undirected,+
ASV_1276,ASV_470,0.991808094608685,undirected,+
ASV_3332,ASV_470,0.992146802688666,undirected,+
ASV_1238,ASV_470,0.990654210172165,undirected,+
ASV_1628,ASV_470,0.999215301549487,undirected,+
ASV_70,ASV_218,0.991027933784093,undirected,+
ASV_1195,ASV_218,0.994696092780153,undirected,+
ASV_714,ASV_218,0.991976646494673,undirected,+
ASV_2256,ASV_218,0.991596639960601,undirected,+
ASV_442,ASV_218,0.993978916201832,undirected,+
ASV_7049,ASV_218,0.994434744760858,undirected,+
ASV_814,ASV_498,0.991564314251125,undirected,+
ASV_981,ASV_1301,0.992267351707619,undirected,+
ASV_33,ASV_947,0.995611347952144,undirected,+
ASV_50,ASV_947,0.991727488064849,undirected,+
ASV_866,ASV_947,0.991827120692596,undirected,+
ASV_6,ASV_947,0.997162612314361,undirected,+
ASV_504,ASV_947,0.992284044581279,undirected,+
ASV_1029,ASV_947,0.992502855674677,undirected,+
ASV_402,ASV_947,0.991353629123323,undirected,+
ASV_2206,ASV_947,0.993360597456126,undirected,+
ASV_659,ASV_947,0.993825212516115,undirected,+
ASV_1421,ASV_947,0.997555408977212,undirected,+
ASV_905,ASV_947,0.993026623574035,undirected,+
ASV_1160,ASV_729,0.99435564399992,undirected,+
ASV_188,ASV_506,0.99140166611306,undirected,+
ASV_866,ASV_506,0.991933004396922,undirected,+
ASV_221,ASV_506,0.996089054658756,undirected,+
ASV_2759,ASV_506,0.992611572449423,undirected,+
ASV_402,ASV_506,0.990605447344429,undirected,+
ASV_2992,ASV_506,0.993967475463955,undirected,+
ASV_905,ASV_506,0.997563642762123,undirected,+
ASV_1160,ASV_506,0.990629097408757,undirected,+
ASV_73,ASV_247,0.994649062828224,undirected,+
ASV_227,ASV_247,-0.993348566494331,undirected,-
ASV_372,ASV_247,0.991291079958553,undirected,+
ASV_2804,ASV_247,0.993597076834267,undirected,+
ASV_992,ASV_247,0.998604520254644,undirected,+
ASV_330,ASV_247,0.994389732196993,undirected,+
ASV_1826,ASV_247,0.996521957230093,undirected,+
ASV_49,ASV_524,-0.994943667548546,undirected,-
ASV_47,ASV_328,0.99348150924709,undirected,+
ASV_245,ASV_328,0.991664329504316,undirected,+
ASV_1327,ASV_328,0.991849323039759,undirected,+
ASV_2206,ASV_328,0.993635272170995,undirected,+
ASV_659,ASV_328,0.995194094458482,undirected,+
ASV_1095,ASV_328,0.990549291986871,undirected,+
ASV_7046,ASV_328,0.99400524634554,undirected,+
ASV_2412,ASV_328,0.991814369056825,undirected,+
ASV_8377,ASV_328,0.994946916124809,undirected,+
ASV_566,ASV_888,0.991283291384815,undirected,+
ASV_284,ASV_508,0.996377160582921,undirected,+
ASV_2759,ASV_508,0.994375653665729,undirected,+
ASV_408,ASV_508,0.990881756782593,undirected,+
ASV_714,ASV_508,0.990773738254138,undirected,+
ASV_4867,ASV_508,0.994103209086044,undirected,+
ASV_6232,ASV_508,0.99643141028812,undirected,+
ASV_146,ASV_508,0.993694770318278,undirected,+
ASV_1737,ASV_508,0.996471143085215,undirected,+
ASV_202,ASV_338,-0.991290738427649,undirected,-
ASV_1051,ASV_338,-0.995060388632911,undirected,-
ASV_42,ASV_489,0.993455400505762,undirected,+
ASV_295,ASV_208,-0.995877060166458,undirected,-
ASV_152,ASV_280,0.993613229286513,undirected,+
ASV_90,ASV_280,-0.997148923716657,undirected,-
ASV_689,ASV_280,0.996738725105308,undirected,+
ASV_620,ASV_738,0.994852115724202,undirected,+
ASV_453,ASV_345,0.998714943360134,undirected,+
ASV_483,ASV_646,0.995157490399187,undirected,+
ASV_1653,ASV_94,0.992045518521218,undirected,+
ASV_146,ASV_94,0.997099442521452,undirected,+
ASV_298,ASV_170,0.991531762100305,undirected,+
ASV_586,ASV_170,0.991440634215245,undirected,+
ASV_28,ASV_179,0.991399581597224,undirected,+
ASV_1836,ASV_179,-0.993674177696391,undirected,-
ASV_466,ASV_1029,0.990305225633092,undirected,+
ASV_947,ASV_1029,0.992502855674677,undirected,+
ASV_402,ASV_1029,0.990522301534071,undirected,+
ASV_1960,ASV_1029,0.992285857762883,undirected,+
ASV_268,ASV_99,0.990467542236254,undirected,+
ASV_603,ASV_798,0.992308277430643,undirected,+
ASV_1274,ASV_347,0.994139913444736,undirected,+
ASV_1949,ASV_347,0.992566749254241,undirected,+
ASV_677,ASV_454,0.991384920179398,undirected,+
ASV_383,ASV_454,0.993122623558775,undirected,+
ASV_217,ASV_230,0.994785302553437,undirected,+
ASV_95,ASV_230,0.99500066710809,undirected,+
ASV_1434,ASV_1277,0.996289452388124,undirected,+
ASV_1301,ASV_981,0.992267351707619,undirected,+
ASV_214,ASV_691,0.998770298164989,undirected,+
ASV_107,ASV_691,-0.994035847762026,undirected,-
ASV_223,ASV_691,0.994042486208383,undirected,+
ASV_418,ASV_691,0.997673969757167,undirected,+
ASV_1195,ASV_691,0.99567701898448,undirected,+
ASV_183,ASV_691,0.999523534809035,undirected,+
ASV_869,ASV_691,0.995590060399741,undirected,+
ASV_4867,ASV_691,0.995578814279734,undirected,+
ASV_6801,ASV_691,0.991007503781956,undirected,+
ASV_3356,ASV_691,0.999273629709143,undirected,+
ASV_7049,ASV_691,0.995318474036534,undirected,+
ASV_19,ASV_1377,-0.990600550344876,undirected,-
ASV_364,ASV_1377,-0.999667007943446,undirected,-
ASV_470,ASV_1227,0.996513889433412,undirected,+
ASV_293,ASV_1227,0.998807572331284,undirected,+
ASV_408,ASV_1227,0.996398618038752,undirected,+
ASV_216,ASV_1227,0.996365538841757,undirected,+
ASV_714,ASV_1227,0.991054336419199,undirected,+
ASV_629,ASV_1227,0.996334079325263,undirected,+
ASV_1331,ASV_1227,0.998376571230427,undirected,+
ASV_1276,ASV_1227,0.993969260397977,undirected,+
ASV_3332,ASV_1227,0.992644395370554,undirected,+
ASV_1238,ASV_1227,0.99548951683661,undirected,+
ASV_3567,ASV_1227,0.99103050773805,undirected,+
ASV_6465,ASV_1227,0.997376183445836,undirected,+
ASV_1628,ASV_1227,0.998309488074387,undirected,+
ASV_470,ASV_293,0.996353536937866,undirected,+
ASV_1227,ASV_293,0.998807572331284,undirected,+
ASV_408,ASV_293,0.995794440596466,undirected,+
ASV_216,ASV_293,0.993797322153259,undirected,+
ASV_714,ASV_293,0.992751153358987,undirected,+
ASV_629,ASV_293,0.994762457392443,undirected,+
ASV_1331,ASV_293,0.997695319653695,undirected,+
ASV_4221,ASV_293,0.990683713158397,undirected,+
ASV_1276,ASV_293,0.991275355523209,undirected,+
ASV_3332,ASV_293,0.995076956794895,undirected,+
ASV_1238,ASV_293,0.995329133168786,undirected,+
ASV_3567,ASV_293,0.99412077879835,undirected,+
ASV_6465,ASV_293,0.996149771181184,undirected,+
ASV_1628,ASV_293,0.997365552421098,undirected,+
ASV_318,ASV_224,0.990691369556671,undirected,+
ASV_2162,ASV_224,-0.996460403451616,undirected,-
ASV_355,ASV_224,0.995220918656937,undirected,+
ASV_214,ASV_2759,0.991269948829249,undirected,+
ASV_221,ASV_2759,0.992630843829291,undirected,+
ASV_284,ASV_2759,0.990338472063759,undirected,+
ASV_506,ASV_2759,0.992611572449423,undirected,+
ASV_508,ASV_2759,0.994375653665729,undirected,+
ASV_4867,ASV_2759,0.993644615575617,undirected,+
ASV_511,ASV_2759,0.99041665606847,undirected,+
ASV_959,ASV_2759,0.994479920452325,undirected,+
ASV_6232,ASV_2759,0.990559167990106,undirected,+
ASV_146,ASV_2759,0.993912442795068,undirected,+
ASV_930,ASV_522,0.992630938807956,undirected,+
ASV_3354,ASV_1603,0.998853323479998,undirected,+
ASV_19,ASV_434,-0.995528292208983,undirected,-
ASV_59,ASV_434,-0.994110163034997,undirected,-
ASV_321,ASV_434,-0.9927297611622,undirected,-
ASV_234,ASV_434,0.992179370107943,undirected,+
ASV_801,ASV_434,-0.994279146510899,undirected,-
ASV_2612,ASV_434,0.991087534599142,undirected,+
ASV_1833,ASV_168,0.992314465185338,undirected,+
ASV_1176,ASV_822,0.996643497100754,undirected,+
ASV_214,ASV_1195,0.99485394423737,undirected,+
ASV_70,ASV_1195,0.99469650659141,undirected,+
ASV_223,ASV_1195,0.991405907582058,undirected,+
ASV_418,ASV_1195,0.990746995992412,undirected,+
ASV_218,ASV_1195,0.994696092780153,undirected,+
ASV_691,ASV_1195,0.99567701898448,undirected,+
ASV_183,ASV_1195,0.994171399225648,undirected,+
ASV_869,ASV_1195,0.992195976164626,undirected,+
ASV_714,ASV_1195,0.991366395812371,undirected,+
ASV_4867,ASV_1195,0.991688606333606,undirected,+
ASV_2256,ASV_1195,0.992477271247375,undirected,+
ASV_959,ASV_1195,0.990382802493774,undirected,+
ASV_442,ASV_1195,0.992006672645435,undirected,+
ASV_3356,ASV_1195,0.994573506090182,undirected,+
ASV_7049,ASV_1195,0.99663739924204,undirected,+
ASV_690,ASV_493,0.99110159758126,undirected,+
ASV_12,ASV_336,0.991328541872058,undirected,+
ASV_719,ASV_171,0.991919886838637,undirected,+
ASV_450,ASV_409,0.99141655146017,undirected,+
ASV_4269,ASV_409,0.998699321816415,undirected,+
ASV_1535,ASV_409,0.998365464425516,undirected,+
ASV_575,ASV_409,0.992104552510398,undirected,+
ASV_1069,ASV_409,0.998173907796516,undirected,+
ASV_2387,ASV_409,0.994512982155861,undirected,+
ASV_1830,ASV_409,0.993388108341525,undirected,+
ASV_3990,ASV_409,0.99753412453303,undirected,+
ASV_4776,ASV_409,0.99589004142688,undirected,+
ASV_17,ASV_666,0.994520550543809,undirected,+
ASV_516,ASV_89,0.993935388718541,undirected,+
ASV_258,ASV_406,0.992644276812768,undirected,+
ASV_3037,ASV_252,0.991235935189642,undirected,+
ASV_1711,ASV_252,0.990370032113854,undirected,+
ASV_96,ASV_163,0.992511158953787,undirected,+
ASV_767,ASV_1349,0.996910757452418,undirected,+
ASV_223,ASV_1349,0.993915289615362,undirected,+
ASV_674,ASV_1349,0.994435277359029,undirected,+
ASV_869,ASV_1349,0.99483979103659,undirected,+
ASV_3126,ASV_1349,0.996644056165004,undirected,+
ASV_999,ASV_1349,0.995982019863894,undirected,+
ASV_1993,ASV_1349,0.999084888078898,undirected,+
ASV_3000,ASV_1349,0.99423678066715,undirected,+
ASV_700,ASV_1349,0.991492930685318,undirected,+
ASV_1924,ASV_1349,0.999145756935163,undirected,+
ASV_4919,ASV_1349,0.992728785395501,undirected,+
ASV_50,ASV_2593,0.991991993628799,undirected,+
ASV_450,ASV_2593,0.997904140282739,undirected,+
ASV_125,ASV_2593,0.995438848605963,undirected,+
ASV_1327,ASV_2593,0.995843727337073,undirected,+
ASV_1535,ASV_2593,0.990259727579245,undirected,+
ASV_2387,ASV_2593,0.991810669061465,undirected,+
ASV_1116,ASV_2593,0.994946441648333,undirected,+
ASV_2971,ASV_2593,0.997058602664728,undirected,+
ASV_4776,ASV_2593,0.99441043551394,undirected,+
ASV_2550,ASV_2593,0.994575882014082,undirected,+
ASV_2412,ASV_2593,0.998217673688578,undirected,+
ASV_450,ASV_125,0.993771895877498,undirected,+
ASV_2593,ASV_125,0.995438848605963,undirected,+
ASV_1327,ASV_125,0.994860541121519,undirected,+
ASV_1116,ASV_125,0.99630012942569,undirected,+
ASV_2550,ASV_125,0.995703083031542,undirected,+
ASV_2412,ASV_125,0.991194121973173,undirected,+
ASV_29,ASV_187,0.992159932949112,undirected,+
ASV_2464,ASV_187,0.991141102432147,undirected,+
ASV_67,ASV_843,0.994167421977277,undirected,+
ASV_55,ASV_843,0.994613056286209,undirected,+
ASV_725,ASV_843,0.992405051384667,undirected,+
ASV_1076,ASV_843,0.994034525256319,undirected,+
ASV_846,ASV_843,0.995308889581445,undirected,+
ASV_214,ASV_183,0.998138401383779,undirected,+
ASV_107,ASV_183,-0.996458279716244,undirected,-
ASV_223,ASV_183,0.992676424069254,undirected,+
ASV_418,ASV_183,0.996095643376558,undirected,+
ASV_691,ASV_183,0.999523534809035,undirected,+
ASV_1195,ASV_183,0.994171399225648,undirected,+
ASV_869,ASV_183,0.993925539851349,undirected,+
ASV_4867,ASV_183,0.994049225124033,undirected,+
ASV_3230,ASV_183,0.990392534871939,undirected,+
ASV_6801,ASV_183,0.993599919434894,undirected,+
ASV_1238,ASV_183,0.990312466522571,undirected,+
ASV_3356,ASV_183,0.999830821280222,undirected,+
ASV_7049,ASV_183,0.992465654415024,undirected,+
ASV_6405,ASV_237,0.991955947515876,undirected,+
ASV_233,ASV_367,-0.991093212379089,undirected,-
ASV_466,ASV_402,0.994178983422533,undirected,+
ASV_947,ASV_402,0.991353629123323,undirected,+
ASV_506,ASV_402,0.990605447344429,undirected,+
ASV_1029,ASV_402,0.990522301534071,undirected,+
ASV_1160,ASV_402,0.992838660326426,undirected,+
ASV_148,ASV_286,0.990830469437839,undirected,+
ASV_2141,ASV_286,0.994648715144507,undirected,+
ASV_3805,ASV_286,0.993273599770392,undirected,+
ASV_3241,ASV_286,0.99515275299811,undirected,+
ASV_245,ASV_1327,0.994598828713906,undirected,+
ASV_450,ASV_1327,0.993838030587914,undirected,+
ASV_328,ASV_1327,0.991849323039759,undirected,+
ASV_2593,ASV_1327,0.995843727337073,undirected,+
ASV_125,ASV_1327,0.994860541121519,undirected,+
ASV_1535,ASV_1327,0.9911287466611,undirected,+
ASV_2971,ASV_1327,0.991631648131828,undirected,+
ASV_4776,ASV_1327,0.994661003304698,undirected,+
ASV_2412,ASV_1327,0.996447262060451,undirected,+
ASV_185,ASV_869,-0.994645668642501,undirected,-
ASV_214,ASV_869,0.993827950516019,undirected,+
ASV_866,ASV_869,0.995300864786355,undirected,+
ASV_221,ASV_869,0.992070618127374,undirected,+
ASV_223,ASV_869,0.999624670598942,undirected,+
ASV_674,ASV_869,0.994821399458753,undirected,+
ASV_418,ASV_869,0.997785583494409,undirected,+
ASV_691,ASV_869,0.995590060399741,undirected,+
ASV_1195,ASV_869,0.992195976164626,undirected,+
ASV_1349,ASV_869,0.99483979103659,undirected,+
ASV_183,ASV_869,0.993925539851349,undirected,+
ASV_3126,ASV_869,0.998386640342985,undirected,+
ASV_511,ASV_869,0.991882658635095,undirected,+
ASV_1993,ASV_869,0.995163819571417,undirected,+
ASV_3000,ASV_869,0.998279005301458,undirected,+
ASV_1924,ASV_869,0.997742807479168,undirected,+
ASV_3356,ASV_869,0.992321000627596,undirected,+
ASV_204,ASV_354,0.997442356822982,undirected,+
ASV_1057,ASV_1426,0.996587088982286,undirected,+
ASV_1517,ASV_1426,0.993175436348422,undirected,+
ASV_4221,ASV_1426,0.999490813731439,undirected,+
ASV_1276,ASV_1426,0.994241177169645,undirected,+
ASV_434,ASV_321,-0.9927297611622,undirected,-
ASV_2612,ASV_321,-0.997309212068614,undirected,-
ASV_1565,ASV_796,0.990941808148516,undirected,+
ASV_116,ASV_1980,0.990440404265813,undirected,+
ASV_1614,ASV_1980,0.994648776640072,undirected,+
ASV_1127,ASV_205,0.995540786265498,undirected,+
ASV_16,ASV_97,0.992256523774436,undirected,+
ASV_3149,ASV_97,0.993399596176993,undirected,+
ASV_5128,ASV_97,0.993002915396031,undirected,+
ASV_1018,ASV_97,0.994742506928208,undirected,+
ASV_320,ASV_665,0.992090741975425,undirected,+
ASV_612,ASV_758,0.995612457220371,undirected,+
ASV_7711,ASV_758,0.99255742690252,undirected,+
ASV_2937,ASV_356,0.996508636600194,undirected,+
ASV_269,ASV_1228,-0.992094454886671,undirected,-
ASV_1228,ASV_269,-0.992094454886671,undirected,-
ASV_575,ASV_585,0.991100809641376,undirected,+
ASV_1069,ASV_585,0.991434940806253,undirected,+
ASV_2387,ASV_585,0.990778943269766,undirected,+
ASV_814,ASV_585,0.992447733227302,undirected,+
ASV_954,ASV_488,0.993169873626204,undirected,+
ASV_504,ASV_802,0.991057571895868,undirected,+
ASV_590,ASV_802,0.994912744987967,undirected,+
ASV_1095,ASV_802,0.996404934488723,undirected,+
ASV_34,ASV_1745,0.990558645219852,undirected,+
ASV_185,ASV_1745,-0.990987349156077,undirected,-
ASV_214,ASV_1745,0.990453210568543,undirected,+
ASV_70,ASV_1745,0.991998549644538,undirected,+
ASV_865,ASV_1745,0.996730301934903,undirected,+
ASV_511,ASV_1745,0.998162340446314,undirected,+
ASV_3075,ASV_1745,-0.99415920865031,undirected,-
ASV_959,ASV_1745,0.99765910265862,undirected,+
ASV_3230,ASV_1745,0.992945538381225,undirected,+
ASV_286,ASV_2141,0.994648715144507,undirected,+
ASV_3805,ASV_2141,0.995981860137041,undirected,+
ASV_517,ASV_2141,0.993435044434248,undirected,+
ASV_1672,ASV_2141,0.991872429240163,undirected,+
ASV_3037,ASV_1399,0.990720727174918,undirected,+
ASV_1711,ASV_1399,0.993793011247012,undirected,+
ASV_6361,ASV_1399,0.991038693558998,undirected,+
ASV_2180,ASV_327,0.993746184382225,undirected,+
ASV_992,ASV_327,0.992347759215297,undirected,+
ASV_8823,ASV_327,0.993096249460061,undirected,+
ASV_1826,ASV_327,0.993539984009985,undirected,+
ASV_379,ASV_587,0.993958122872261,undirected,+
ASV_1830,ASV_587,0.990856902368342,undirected,+
ASV_1346,ASV_514,0.991932290359449,undirected,+
ASV_660,ASV_449,-0.994151269055996,undirected,-
ASV_24,ASV_408,0.990681255243184,undirected,+
ASV_284,ASV_408,0.993421783653946,undirected,+
ASV_508,ASV_408,0.990881756782593,undirected,+
ASV_1227,ASV_408,0.996398618038752,undirected,+
ASV_293,ASV_408,0.995794440596466,undirected,+
ASV_216,ASV_408,0.995711702914175,undirected,+
ASV_714,ASV_408,0.995226403237448,undirected,+
ASV_4867,ASV_408,0.993926208614816,undirected,+
ASV_1331,ASV_408,0.999600151960029,undirected,+
ASV_1276,ASV_408,0.991590348918032,undirected,+
ASV_1238,ASV_408,0.994956665938402,undirected,+
ASV_6465,ASV_408,0.999587607621877,undirected,+
ASV_1628,ASV_408,0.991465300631101,undirected,+
ASV_1737,ASV_408,0.992382209389511,undirected,+
ASV_587,ASV_379,0.993958122872261,undirected,+
ASV_106,ASV_357,-0.991041105787954,undirected,-
ASV_836,ASV_357,0.993891312681628,undirected,+
ASV_16,ASV_1842,0.994229768402084,undirected,+
ASV_3037,ASV_1842,0.991755295353768,undirected,+
ASV_1077,ASV_1842,0.997357284395306,undirected,+
ASV_1155,ASV_1842,0.998581565208305,undirected,+
ASV_1018,ASV_1842,0.997305926326586,undirected,+
ASV_6361,ASV_1842,0.998746147081545,undirected,+
ASV_493,ASV_690,0.99110159758126,undirected,+
ASV_3069,ASV_690,0.996209339469517,undirected,+
ASV_34,ASV_865,0.994680221158983,undirected,+
ASV_219,ASV_865,-0.992313317888172,undirected,-
ASV_1745,ASV_865,0.996730301934903,undirected,+
ASV_511,ASV_865,0.992444851970062,undirected,+
ASV_3075,ASV_865,-0.997631968742199,undirected,-
ASV_3230,ASV_865,0.990358886059568,undirected,+
ASV_450,ASV_4269,0.99272303406307,undirected,+
ASV_409,ASV_4269,0.998699321816415,undirected,+
ASV_1535,ASV_4269,0.999723995840054,undirected,+
ASV_1069,ASV_4269,0.996730041300585,undirected,+
ASV_2387,ASV_4269,0.994456610264297,undirected,+
ASV_1830,ASV_4269,0.991767619016362,undirected,+
ASV_3990,ASV_4269,0.999464505721003,undirected,+
ASV_4776,ASV_4269,0.998411910107715,undirected,+
ASV_8377,ASV_4269,0.991750047844362,undirected,+
ASV_492,ASV_341,0.995327392649461,undirected,+
ASV_1182,ASV_341,-0.991974866899965,undirected,-
ASV_1284,ASV_683,0.996049208033719,undirected,+
ASV_450,ASV_1535,0.995135980857416,undirected,+
ASV_409,ASV_1535,0.998365464425516,undirected,+
ASV_2593,ASV_1535,0.990259727579245,undirected,+
ASV_1327,ASV_1535,0.9911287466611,undirected,+
ASV_4269,ASV_1535,0.999723995840054,undirected,+
ASV_1069,ASV_1535,0.997145703794484,undirected,+
ASV_2387,ASV_1535,0.996276571301678,undirected,+
ASV_3990,ASV_1535,0.998939548054837,undirected,+
ASV_4776,ASV_1535,0.99932589323498,undirected,+
ASV_8377,ASV_1535,0.990389061531171,undirected,+
ASV_2162,ASV_100,-0.992569509212403,undirected,-
ASV_280,ASV_152,0.993613229286513,undirected,+
ASV_639,ASV_152,-0.995676279393458,undirected,-
ASV_2693,ASV_3523,0.990708687549677,undirected,+
ASV_185,ASV_3126,-0.995589349287611,undirected,-
ASV_866,ASV_3126,0.995472856653194,undirected,+
ASV_299,ASV_3126,0.991744286220443,undirected,+
ASV_767,ASV_3126,0.991970416225687,undirected,+
ASV_223,ASV_3126,0.998090156032943,undirected,+
ASV_674,ASV_3126,0.998685349570003,undirected,+
ASV_418,ASV_3126,0.994117775936993,undirected,+
ASV_1349,ASV_3126,0.996644056165004,undirected,+
ASV_869,ASV_3126,0.998386640342985,undirected,+
ASV_999,ASV_3126,0.992353453486482,undirected,+
ASV_1421,ASV_3126,0.992183340845376,undirected,+
ASV_1993,ASV_3126,0.994775658240412,undirected,+
ASV_3000,ASV_3126,0.999669764657206,undirected,+
ASV_1924,ASV_3126,0.9984229630886,undirected,+
ASV_4919,ASV_3126,0.994673470404314,undirected,+
ASV_5654,ASV_228,0.991463163497398,undirected,+
ASV_1496,ASV_558,0.995627412456304,undirected,+
ASV_3523,ASV_2693,0.990708687549677,undirected,+
ASV_1722,ASV_870,0.994831149167732,undirected,+
ASV_1223,ASV_870,0.994637478168876,undirected,+
ASV_819,ASV_121,-0.995926140666738,undirected,-
ASV_777,ASV_277,0.992964648861422,undirected,+
ASV_146,ASV_277,0.990983512302758,undirected,+
ASV_268,ASV_1138,0.990787276598223,undirected,+
ASV_2714,ASV_1138,0.990500275623285,undirected,+
ASV_1773,ASV_390,0.990643204632309,undirected,+
ASV_347,ASV_1274,0.994139913444736,undirected,+
ASV_1057,ASV_1274,0.995436994869734,undirected,+
ASV_1517,ASV_1274,0.9968039831275,undirected,+
ASV_1949,ASV_1274,0.999254698824485,undirected,+
ASV_140,ASV_949,0.991566080330016,undirected,+
ASV_415,ASV_416,0.99580869143894,undirected,+
ASV_247,ASV_227,-0.993348566494331,undirected,-
ASV_2804,ASV_227,-0.991267697804538,undirected,-
ASV_715,ASV_227,0.991776234165726,undirected,+
ASV_1426,ASV_1057,0.996587088982286,undirected,+
ASV_1274,ASV_1057,0.995436994869734,undirected,+
ASV_1517,ASV_1057,0.999329375806437,undirected,+
ASV_4221,ASV_1057,0.997839901366051,undirected,+
ASV_1949,ASV_1057,0.99324717305574,undirected,+
ASV_824,ASV_433,-0.993990337691088,undirected,-
ASV_65,ASV_2206,0.997525262071731,undirected,+
ASV_6,ASV_2206,0.992790934585276,undirected,+
ASV_504,ASV_2206,0.992729063273625,undirected,+
ASV_947,ASV_2206,0.993360597456126,undirected,+
ASV_328,ASV_2206,0.993635272170995,undirected,+
ASV_590,ASV_2206,0.991939651941086,undirected,+
ASV_659,ASV_2206,0.997258088246471,undirected,+
ASV_2992,ASV_2206,0.992661572610998,undirected,+
ASV_1095,ASV_2206,0.998266927861834,undirected,+
ASV_905,ASV_2206,0.995636603088214,undirected,+
ASV_7046,ASV_2206,0.990643369351882,undirected,+
ASV_106,ASV_4739,-0.992316059060868,undirected,-
ASV_836,ASV_4739,0.994655227895136,undirected,+
ASV_1636,ASV_4739,0.997033899713439,undirected,+
ASV_459,ASV_4739,0.994520220598647,undirected,+
ASV_152,ASV_639,-0.995676279393458,undirected,-
ASV_59,ASV_234,-0.990930625612993,undirected,-
ASV_434,ASV_234,0.992179370107943,undirected,+
ASV_2256,ASV_234,0.994300877892008,undirected,+
ASV_384,ASV_663,0.994728431823689,undirected,+
ASV_338,ASV_202,-0.991290738427649,undirected,-
ASV_3149,ASV_4246,0.994957011183743,undirected,+
ASV_4687,ASV_4246,0.994286947163458,undirected,+
ASV_5128,ASV_4246,0.999185816142055,undirected,+
ASV_1018,ASV_4246,0.990526670837688,undirected,+
ASV_2307,ASV_4246,0.993339659030194,undirected,+
ASV_767,ASV_999,0.995845416347236,undirected,+
ASV_674,ASV_999,0.994023224674022,undirected,+
ASV_1349,ASV_999,0.995982019863894,undirected,+
ASV_3126,ASV_999,0.992353453486482,undirected,+
ASV_377,ASV_999,-0.995688303161121,undirected,-
ASV_1993,ASV_999,0.994444275675873,undirected,+
ASV_2529,ASV_999,0.991545373271875,undirected,+
ASV_700,ASV_999,0.994638908320578,undirected,+
ASV_1924,ASV_999,0.99582997496478,undirected,+
ASV_4919,ASV_999,0.995906211780757,undirected,+
ASV_2582,ASV_999,0.990416298035553,undirected,+
ASV_286,ASV_3805,0.993273599770392,undirected,+
ASV_2141,ASV_3805,0.995981860137041,undirected,+
ASV_3241,ASV_3805,0.990509386625602,undirected,+
ASV_1672,ASV_3805,0.99725559930644,undirected,+
ASV_949,ASV_140,0.991566080330016,undirected,+
ASV_1056,ASV_140,0.991501327308176,undirected,+
ASV_1783,ASV_994,-0.990713076153346,undirected,-
ASV_470,ASV_216,0.990539734007589,undirected,+
ASV_1227,ASV_216,0.996365538841757,undirected,+
ASV_293,ASV_216,0.993797322153259,undirected,+
ASV_408,ASV_216,0.995711702914175,undirected,+
ASV_4867,ASV_216,0.99049405651878,undirected,+
ASV_629,ASV_216,0.991533368948034,undirected,+
ASV_1331,ASV_216,0.996570642182045,undirected,+
ASV_852,ASV_216,0.994624154255987,undirected,+
ASV_1276,ASV_216,0.994046744861039,undirected,+
ASV_1238,ASV_216,0.998417239820381,undirected,+
ASV_6465,ASV_216,0.996455010529672,undirected,+
ASV_1628,ASV_216,0.993948945666285,undirected,+
ASV_224,ASV_318,0.990691369556671,undirected,+
ASV_555,ASV_3241,0.991535432165239,undirected,+
ASV_286,ASV_3241,0.99515275299811,undirected,+
ASV_3805,ASV_3241,0.990509386625602,undirected,+
ASV_1344,ASV_3241,0.996146385537522,undirected,+
ASV_1980,ASV_1614,0.994648776640072,undirected,+
ASV_1073,ASV_150,0.994250477859926,undirected,+
ASV_3143,ASV_246,-0.993914915257653,undirected,-
ASV_1308,ASV_246,0.991001723479942,undirected,+
ASV_409,ASV_575,0.992104552510398,undirected,+
ASV_585,ASV_575,0.991100809641376,undirected,+
ASV_1069,ASV_575,0.991896075498414,undirected,+
ASV_2387,ASV_575,0.991218537280745,undirected,+
ASV_3990,ASV_1239,0.990300859054691,undirected,+
ASV_7046,ASV_1239,0.991596891555086,undirected,+
ASV_8377,ASV_1239,0.993609905140448,undirected,+
ASV_6405,ASV_231,0.99715473424421,undirected,+
ASV_1456,ASV_2416,0.990989226235238,undirected,+
ASV_481,ASV_1216,0.99063699537018,undirected,+
ASV_218,ASV_714,0.991976646494673,undirected,+
ASV_508,ASV_714,0.990773738254138,undirected,+
ASV_1227,ASV_714,0.991054336419199,undirected,+
ASV_293,ASV_714,0.992751153358987,undirected,+
ASV_1195,ASV_714,0.991366395812371,undirected,+
ASV_408,ASV_714,0.995226403237448,undirected,+
ASV_4867,ASV_714,0.993548764890972,undirected,+
ASV_1331,ASV_714,0.994990115643619,undirected,+
ASV_3567,ASV_714,0.995574100344548,undirected,+
ASV_6465,ASV_714,0.99585654483427,undirected,+
ASV_3356,ASV_714,0.99082796565764,undirected,+
ASV_7049,ASV_714,0.994429771449659,undirected,+
ASV_1737,ASV_714,0.994745834621899,undirected,+
ASV_33,ASV_377,-0.990834332781755,undirected,-
ASV_999,ASV_377,-0.995688303161121,undirected,-
ASV_307,ASV_377,-0.990933059241617,undirected,-
ASV_1156,ASV_377,-0.991741393870536,undirected,-
ASV_2529,ASV_377,-0.996824513444478,undirected,-
ASV_267,ASV_377,-0.994989200581429,undirected,-
ASV_4919,ASV_377,-0.99537605541156,undirected,-
ASV_2316,ASV_377,-0.995236897734116,undirected,-
ASV_2582,ASV_377,-0.997913128641506,undirected,-
ASV_214,ASV_4867,0.997769876992544,undirected,+
ASV_284,ASV_4867,0.99281478882445,undirected,+
ASV_418,ASV_4867,0.993431944965417,undirected,+
ASV_508,ASV_4867,0.994103209086044,undirected,+
ASV_691,ASV_4867,0.995578814279734,undirected,+
ASV_2759,ASV_4867,0.993644615575617,undirected,+
ASV_1195,ASV_4867,0.991688606333606,undirected,+
ASV_183,ASV_4867,0.994049225124033,undirected,+
ASV_408,ASV_4867,0.993926208614816,undirected,+
ASV_216,ASV_4867,0.99049405651878,undirected,+
ASV_714,ASV_4867,0.993548764890972,undirected,+
ASV_1331,ASV_4867,0.992916917242667,undirected,+
ASV_6465,ASV_4867,0.995609077270239,undirected,+
ASV_3356,ASV_4867,0.995009643054916,undirected,+
ASV_7049,ASV_4867,0.995945851490916,undirected,+
ASV_141,ASV_316,0.992040639595308,undirected,+
ASV_1905,ASV_316,0.990559001913751,undirected,+
ASV_843,ASV_1076,0.994034525256319,undirected,+
ASV_1393,ASV_1076,0.991736927401693,undirected,+
ASV_846,ASV_1076,0.995829108559431,undirected,+
ASV_450,ASV_1069,0.991739404910717,undirected,+
ASV_409,ASV_1069,0.998173907796516,undirected,+
ASV_585,ASV_1069,0.991434940806253,undirected,+
ASV_4269,ASV_1069,0.996730041300585,undirected,+
ASV_1535,ASV_1069,0.997145703794484,undirected,+
ASV_575,ASV_1069,0.991896075498414,undirected,+
ASV_2387,ASV_1069,0.997891223540004,undirected,+
ASV_1223,ASV_1069,0.99175914073463,undirected,+
ASV_3990,ASV_1069,0.994097099728775,undirected,+
ASV_4776,ASV_1069,0.994839827143403,undirected,+
ASV_1426,ASV_1517,0.993175436348422,undirected,+
ASV_1274,ASV_1517,0.9968039831275,undirected,+
ASV_1057,ASV_1517,0.999329375806437,undirected,+
ASV_4221,ASV_1517,0.995411121902673,undirected,+
ASV_1949,ASV_1517,0.995852383722566,undirected,+
ASV_219,ASV_590,-0.992448736383808,undirected,-
ASV_65,ASV_590,0.993882603756347,undirected,+
ASV_504,ASV_590,0.990280949485894,undirected,+
ASV_802,ASV_590,0.994912744987967,undirected,+
ASV_2206,ASV_590,0.991939651941086,undirected,+
ASV_1095,ASV_590,0.99601654890249,undirected,+
ASV_905,ASV_590,0.992707790288874,undirected,+
ASV_5,ASV_372,0.998058396330935,undirected,+
ASV_555,ASV_372,0.991565840056843,undirected,+
ASV_247,ASV_372,0.991291079958553,undirected,+
ASV_1344,ASV_372,0.99153820529171,undirected,+
ASV_2804,ASV_372,0.994455217256946,undirected,+
ASV_264,ASV_372,0.990469624399007,undirected,+
ASV_713,ASV_372,0.99495809021662,undirected,+
ASV_330,ASV_372,0.994128259610604,undirected,+
ASV_1826,ASV_372,0.991971169613207,undirected,+
ASV_1554,ASV_446,0.990847119996224,undirected,+
ASV_60,ASV_3037,0.994522965431115,undirected,+
ASV_252,ASV_3037,0.991235935189642,undirected,+
ASV_1399,ASV_3037,0.990720727174918,undirected,+
ASV_1842,ASV_3037,0.991755295353768,undirected,+
ASV_1155,ASV_3037,0.994196138797042,undirected,+
ASV_1711,ASV_3037,0.996665194563461,undirected,+
ASV_6361,ASV_3037,0.99438255505121,undirected,+
ASV_555,ASV_1344,0.995986191100098,undirected,+
ASV_3241,ASV_1344,0.996146385537522,undirected,+
ASV_372,ASV_1344,0.99153820529171,undirected,+
ASV_2804,ASV_1344,0.991845044821616,undirected,+
ASV_1826,ASV_1344,0.992526023711308,undirected,+
ASV_377,ASV_307,-0.990933059241617,undirected,-
ASV_3757,ASV_307,0.994848773727004,undirected,+
ASV_450,ASV_2387,0.996444392795678,undirected,+
ASV_409,ASV_2387,0.994512982155861,undirected,+
ASV_2593,ASV_2387,0.991810669061465,undirected,+
ASV_585,ASV_2387,0.990778943269766,undirected,+
ASV_4269,ASV_2387,0.994456610264297,undirected,+
ASV_1535,ASV_2387,0.996276571301678,undirected,+
ASV_575,ASV_2387,0.991218537280745,undirected,+
ASV_1069,ASV_2387,0.997891223540004,undirected,+
ASV_3990,ASV_2387,0.991699514632619,undirected,+
ASV_4776,ASV_2387,0.996168748487006,undirected,+
ASV_16,ASV_3149,0.994399572422696,undirected,+
ASV_97,ASV_3149,0.993399596176993,undirected,+
ASV_4246,ASV_3149,0.994957011183743,undirected,+
ASV_5128,ASV_3149,0.997332383638275,undirected,+
ASV_1018,ASV_3149,0.991775384455073,undirected,+
ASV_2307,ASV_3149,0.990537011726715,undirected,+
ASV_185,ASV_511,-0.995366217042538,undirected,-
ASV_214,ASV_511,0.992350041127755,undirected,+
ASV_866,ASV_511,0.993767841742407,undirected,+
ASV_221,ASV_511,0.996599942925148,undirected,+
ASV_223,ASV_511,0.993558452895111,undirected,+
ASV_418,ASV_511,0.990265470648628,undirected,+
ASV_2759,ASV_511,0.99041665606847,undirected,+
ASV_869,ASV_511,0.991882658635095,undirected,+
ASV_1745,ASV_511,0.998162340446314,undirected,+
ASV_865,ASV_511,0.992444851970062,undirected,+
ASV_3075,ASV_511,-0.990953541569923,undirected,-
ASV_905,ASV_511,0.990784260642165,undirected,+
ASV_959,ASV_511,0.996751606955018,undirected,+
ASV_3230,ASV_511,0.994053608009598,undirected,+
ASV_3000,ASV_511,0.990490650019181,undirected,+
ASV_33,ASV_659,0.991252282813438,undirected,+
ASV_50,ASV_659,0.992715300791117,undirected,+
ASV_65,ASV_659,0.995003592424241,undirected,+
ASV_299,ASV_659,0.991161659712397,undirected,+
ASV_6,ASV_659,0.997083866932434,undirected,+
ASV_504,ASV_659,0.992352224276121,undirected,+
ASV_947,ASV_659,0.993825212516115,undirected,+
ASV_328,ASV_659,0.995194094458482,undirected,+
ASV_2206,ASV_659,0.997258088246471,undirected,+
ASV_1421,ASV_659,0.992894946244401,undirected,+
ASV_1095,ASV_659,0.992990123537264,undirected,+
ASV_370,ASV_659,0.990770165040453,undirected,+
ASV_2412,ASV_659,0.990851248334704,undirected,+
ASV_109,ASV_954,0.990956601723556,undirected,+
ASV_488,ASV_954,0.993169873626204,undirected,+
ASV_470,ASV_629,0.999164202848732,undirected,+
ASV_1227,ASV_629,0.996334079325263,undirected,+
ASV_293,ASV_629,0.994762457392443,undirected,+
ASV_216,ASV_629,0.991533368948034,undirected,+
ASV_1331,ASV_629,0.99095883542562,undirected,+
ASV_1276,ASV_629,0.99535086749128,undirected,+
ASV_1628,ASV_629,0.999522152970862,undirected,+
ASV_15,ASV_824,-0.995379807439749,undirected,-
ASV_433,ASV_824,-0.993990337691088,undirected,-
ASV_1460,ASV_601,0.992953951611996,undirected,+
ASV_73,ASV_2804,0.990701863731952,undirected,+
ASV_247,ASV_2804,0.993597076834267,undirected,+
ASV_227,ASV_2804,-0.991267697804538,undirected,-
ASV_372,ASV_2804,0.994455217256946,undirected,+
ASV_1344,ASV_2804,0.991845044821616,undirected,+
ASV_264,ASV_2804,0.991938414475856,undirected,+
ASV_715,ASV_2804,-0.997403561916208,undirected,-
ASV_992,ASV_2804,0.995367114062675,undirected,+
ASV_3850,ASV_2804,0.991510795722663,undirected,+
ASV_1826,ASV_2804,0.994915735413723,undirected,+
ASV_1084,ASV_2710,0.993974558637654,undirected,+
ASV_2959,ASV_1091,0.992319112652293,undirected,+
ASV_356,ASV_2937,0.996508636600194,undirected,+
ASV_1076,ASV_1393,0.991736927401693,undirected,+
ASV_308,ASV_563,0.99292322485222,undirected,+
ASV_73,ASV_264,0.990710118004797,undirected,+
ASV_239,ASV_264,0.991245209715207,undirected,+
ASV_372,ASV_264,0.990469624399007,undirected,+
ASV_2804,ASV_264,0.991938414475856,undirected,+
ASV_84,ASV_264,0.994164557087629,undirected,+
ASV_715,ASV_264,-0.990367485362338,undirected,-
ASV_5020,ASV_264,0.990374200965416,undirected,+
ASV_634,ASV_264,0.991580858752513,undirected,+
ASV_3704,ASV_264,0.993996004237381,undirected,+
ASV_345,ASV_453,0.998714943360134,undirected,+
ASV_1223,ASV_291,0.997392507213557,undirected,+
ASV_4573,ASV_291,0.992462883520714,undirected,+
ASV_420,ASV_638,0.993087525024895,undirected,+
ASV_384,ASV_638,-0.99194591596512,undirected,-
ASV_327,ASV_2180,0.993746184382225,undirected,+
ASV_8823,ASV_2180,0.992388690622436,undirected,+
ASV_218,ASV_2256,0.991596639960601,undirected,+
ASV_1195,ASV_2256,0.992477271247375,undirected,+
ASV_234,ASV_2256,0.994300877892008,undirected,+
ASV_442,ASV_2256,0.994519178190385,undirected,+
ASV_7049,ASV_2256,0.990993296746374,undirected,+
ASV_188,ASV_780,0.992264991522011,undirected,+
ASV_4925,ASV_780,0.995676016450216,undirected,+
ASV_224,ASV_2162,-0.996460403451616,undirected,-
ASV_100,ASV_2162,-0.992569509212403,undirected,-
ASV_1156,ASV_2162,-0.995042222173156,undirected,-
ASV_355,ASV_2162,-0.991038715768513,undirected,-
ASV_956,ASV_2162,-0.993326441538612,undirected,-
ASV_63,ASV_1996,0.995896537935824,undirected,+
ASV_417,ASV_112,0.991075334932023,undirected,+
ASV_2501,ASV_112,0.996292822580324,undirected,+
ASV_284,ASV_1331,0.990397702117501,undirected,+
ASV_470,ASV_1331,0.990901687677411,undirected,+
ASV_1227,ASV_1331,0.998376571230427,undirected,+
ASV_293,ASV_1331,0.997695319653695,undirected,+
ASV_408,ASV_1331,0.999600151960029,undirected,+
ASV_216,ASV_1331,0.996570642182045,undirected,+
ASV_714,ASV_1331,0.994990115643619,undirected,+
ASV_4867,ASV_1331,0.992916917242667,undirected,+
ASV_629,ASV_1331,0.99095883542562,undirected,+
ASV_1276,ASV_1331,0.992783755141503,undirected,+
ASV_1238,ASV_1331,0.99594742307437,undirected,+
ASV_3567,ASV_1331,0.990532848991541,undirected,+
ASV_6465,ASV_1331,0.999678713446849,undirected,+
ASV_1628,ASV_1331,0.99441575477617,undirected,+
ASV_185,ASV_1421,-0.993868744882968,undirected,-
ASV_33,ASV_1421,0.999302131184372,undirected,+
ASV_50,ASV_1421,0.995108099314768,undirected,+
ASV_866,ASV_1421,0.994128255006705,undirected,+
ASV_299,ASV_1421,0.990359267029808,undirected,+
ASV_6,ASV_1421,0.998714148122085,undirected,+
ASV_504,ASV_1421,0.995249708584427,undirected,+
ASV_674,ASV_1421,0.996260818521501,undirected,+
ASV_947,ASV_1421,0.997555408977212,undirected,+
ASV_3126,ASV_1421,0.992183340845376,undirected,+
ASV_659,ASV_1421,0.992894946244401,undirected,+
ASV_3000,ASV_1421,0.993447321475129,undirected,+
ASV_2529,ASV_1421,0.991525212249879,undirected,+
ASV_4919,ASV_1421,0.994232739036651,undirected,+
ASV_2316,ASV_1421,0.991944006341039,undirected,+
ASV_2582,ASV_1421,0.990803722266144,undirected,+
ASV_1882,ASV_263,0.991209752783585,undirected,+
ASV_964,ASV_263,0.995106601951515,undirected,+
ASV_1947,ASV_350,0.99167776029042,undirected,+
ASV_638,ASV_420,0.993087525024895,undirected,+
ASV_1722,ASV_1223,0.991326748558397,undirected,+
ASV_870,ASV_1223,0.994637478168876,undirected,+
ASV_1069,ASV_1223,0.99175914073463,undirected,+
ASV_291,ASV_1223,0.997392507213557,undirected,+
ASV_65,ASV_2992,0.9931542663539,undirected,+
ASV_188,ASV_2992,0.992443254210765,undirected,+
ASV_506,ASV_2992,0.993967475463955,undirected,+
ASV_2206,ASV_2992,0.992661572610998,undirected,+
ASV_905,ASV_2992,0.995391310849542,undirected,+
ASV_4925,ASV_2992,0.992888362963273,undirected,+
ASV_4246,ASV_4687,0.994286947163458,undirected,+
ASV_5128,ASV_4687,0.990664743695058,undirected,+
ASV_498,ASV_814,0.991564314251125,undirected,+
ASV_585,ASV_814,0.992447733227302,undirected,+
ASV_65,ASV_1095,0.995909119795776,undirected,+
ASV_504,ASV_1095,0.993905944429014,undirected,+
ASV_328,ASV_1095,0.990549291986871,undirected,+
ASV_802,ASV_1095,0.996404934488723,undirected,+
ASV_2206,ASV_1095,0.998266927861834,undirected,+
ASV_590,ASV_1095,0.99601654890249,undirected,+
ASV_659,ASV_1095,0.992990123537264,undirected,+
ASV_905,ASV_1095,0.993035236254305,undirected,+
ASV_7046,ASV_1095,0.991436247512431,undirected,+
ASV_219,ASV_3075,0.990294459102577,undirected,+
ASV_107,ASV_3075,0.990887889325665,undirected,+
ASV_1745,ASV_3075,-0.99415920865031,undirected,-
ASV_865,ASV_3075,-0.997631968742199,undirected,-
ASV_511,ASV_3075,-0.990953541569923,undirected,-
ASV_3230,ASV_3075,-0.995368911268609,undirected,-
ASV_198,ASV_1200,0.994608279680492,undirected,+
ASV_5712,ASV_1366,-0.991957768659505,undirected,-
ASV_59,ASV_801,0.993817250527672,undirected,+
ASV_434,ASV_801,-0.994279146510899,undirected,-
ASV_466,ASV_370,0.995844422435218,undirected,+
ASV_659,ASV_370,0.990770165040453,undirected,+
ASV_263,ASV_1882,0.991209752783585,undirected,+
ASV_964,ASV_1882,0.993934950600035,undirected,+
ASV_3636,ASV_680,0.991757722335021,undirected,+
ASV_377,ASV_1156,-0.991741393870536,undirected,-
ASV_2162,ASV_1156,-0.995042222173156,undirected,-
ASV_956,ASV_1156,0.996922318972421,undirected,+
ASV_140,ASV_1056,0.991501327308176,undirected,+
ASV_185,ASV_905,-0.991710437969589,undirected,-
ASV_65,ASV_905,0.99572179426076,undirected,+
ASV_866,ASV_905,0.992588354983254,undirected,+
ASV_221,ASV_905,0.995228244799805,undirected,+
ASV_947,ASV_905,0.993026623574035,undirected,+
ASV_506,ASV_905,0.997563642762123,undirected,+
ASV_2206,ASV_905,0.995636603088214,undirected,+
ASV_590,ASV_905,0.992707790288874,undirected,+
ASV_511,ASV_905,0.990784260642165,undirected,+
ASV_2992,ASV_905,0.995391310849542,undirected,+
ASV_1095,ASV_905,0.993035236254305,undirected,+
ASV_185,ASV_959,-0.990524497736235,undirected,-
ASV_214,ASV_959,0.990933114217197,undirected,+
ASV_70,ASV_959,0.994385796705092,undirected,+
ASV_221,ASV_959,0.991496247936706,undirected,+
ASV_2759,ASV_959,0.994479920452325,undirected,+
ASV_1195,ASV_959,0.990382802493774,undirected,+
ASV_1745,ASV_959,0.99765910265862,undirected,+
ASV_511,ASV_959,0.996751606955018,undirected,+
ASV_187,ASV_2464,0.991141102432147,undirected,+
ASV_434,ASV_2612,0.991087534599142,undirected,+
ASV_321,ASV_2612,-0.997309212068614,undirected,-
ASV_663,ASV_384,0.994728431823689,undirected,+
ASV_638,ASV_384,-0.99194591596512,undirected,-
ASV_131,ASV_2219,0.998807062899386,undirected,+
ASV_890,ASV_2219,0.990304019295336,undirected,+
ASV_7711,ASV_2219,0.998724190546346,undirected,+
ASV_150,ASV_1073,0.994250477859926,undirected,+
ASV_214,ASV_3230,0.993220893363697,undirected,+
ASV_107,ASV_3230,-0.995991931489195,undirected,-
ASV_183,ASV_3230,0.990392534871939,undirected,+
ASV_1745,ASV_3230,0.992945538381225,undirected,+
ASV_865,ASV_3230,0.990358886059568,undirected,+
ASV_511,ASV_3230,0.994053608009598,undirected,+
ASV_3075,ASV_3230,-0.995368911268609,undirected,-
ASV_3356,ASV_3230,0.990506942380309,undirected,+
ASV_280,ASV_90,-0.997148923716657,undirected,-
ASV_689,ASV_90,-0.997746387876468,undirected,-
ASV_1190,ASV_6715,0.998243902686804,undirected,+
ASV_3464,ASV_6715,0.993237956948161,undirected,+
ASV_406,ASV_258,0.992644276812768,undirected,+
ASV_27,ASV_641,0.990969018059734,undirected,+
ASV_7118,ASV_641,0.991382350525585,undirected,+
ASV_216,ASV_852,0.994624154255987,undirected,+
ASV_1276,ASV_852,0.993634327912895,undirected,+
ASV_665,ASV_320,0.992090741975425,undirected,+
ASV_703,ASV_624,-0.993537392049123,undirected,-
ASV_767,ASV_1993,0.993708140975098,undirected,+
ASV_223,ASV_1993,0.99437737492491,undirected,+
ASV_674,ASV_1993,0.991136243001927,undirected,+
ASV_418,ASV_1993,0.990490565277411,undirected,+
ASV_1349,ASV_1993,0.999084888078898,undirected,+
ASV_869,ASV_1993,0.995163819571417,undirected,+
ASV_3126,ASV_1993,0.994775658240412,undirected,+
ASV_999,ASV_1993,0.994444275675873,undirected,+
ASV_3000,ASV_1993,0.99215697034063,undirected,+
ASV_700,ASV_1993,0.994095737793044,undirected,+
ASV_1924,ASV_1993,0.998749697574202,undirected,+
ASV_1636,ASV_1993,0.994767841714361,undirected,+
ASV_796,ASV_1565,0.990941808148516,undirected,+
ASV_798,ASV_603,0.992308277430643,undirected,+
ASV_77,ASV_795,0.996022669558221,undirected,+
ASV_4888,ASV_990,0.993918312287552,undirected,+
ASV_185,ASV_3000,-0.997165630875303,undirected,-
ASV_33,ASV_3000,0.990809493351215,undirected,+
ASV_866,ASV_3000,0.997077523537399,undirected,+
ASV_299,ASV_3000,0.993476675847415,undirected,+
ASV_6,ASV_3000,0.990308534185898,undirected,+
ASV_221,ASV_3000,0.992909338953616,undirected,+
ASV_223,ASV_3000,0.998100012860303,undirected,+
ASV_674,ASV_3000,0.998438497814954,undirected,+
ASV_418,ASV_3000,0.994539852637994,undirected,+
ASV_1349,ASV_3000,0.99423678066715,undirected,+
ASV_869,ASV_3000,0.998279005301458,undirected,+
ASV_3126,ASV_3000,0.999669764657206,undirected,+
ASV_511,ASV_3000,0.990490650019181,undirected,+
ASV_1421,ASV_3000,0.993447321475129,undirected,+
ASV_1993,ASV_3000,0.99215697034063,undirected,+
ASV_1924,ASV_3000,0.996832200769105,undirected,+
ASV_4919,ASV_3000,0.993519249639808,undirected,+
ASV_4925,ASV_303,-0.993005501089729,undirected,-
ASV_293,ASV_4221,0.990683713158397,undirected,+
ASV_1426,ASV_4221,0.999490813731439,undirected,+
ASV_1057,ASV_4221,0.997839901366051,undirected,+
ASV_1517,ASV_4221,0.995411121902673,undirected,+
ASV_1276,ASV_4221,0.994842234484373,undirected,+
ASV_1628,ASV_4221,0.991455252077803,undirected,+
ASV_6091,ASV_537,0.992888357421747,undirected,+
ASV_843,ASV_846,0.995308889581445,undirected,+
ASV_1076,ASV_846,0.995829108559431,undirected,+
ASV_1391,ASV_846,0.993875257749422,undirected,+
ASV_239,ASV_84,0.990264534225336,undirected,+
ASV_264,ASV_84,0.994164557087629,undirected,+
ASV_715,ASV_84,-0.991757584214439,undirected,-
ASV_94,ASV_1653,0.992045518521218,undirected,+
ASV_146,ASV_1653,0.992622228323435,undirected,+
ASV_2710,ASV_1084,0.993974558637654,undirected,+
ASV_33,ASV_2529,0.99445760894261,undirected,+
ASV_50,ASV_2529,0.994662095005948,undirected,+
ASV_6,ASV_2529,0.991288430580135,undirected,+
ASV_767,ASV_2529,0.990274446721076,undirected,+
ASV_674,ASV_2529,0.992648746428325,undirected,+
ASV_999,ASV_2529,0.991545373271875,undirected,+
ASV_377,ASV_2529,-0.996824513444478,undirected,-
ASV_1421,ASV_2529,0.991525212249879,undirected,+
ASV_267,ASV_2529,0.993949984028738,undirected,+
ASV_4919,ASV_2529,0.997808725426714,undirected,+
ASV_2316,ASV_2529,0.999232786655472,undirected,+
ASV_2582,ASV_2529,0.999292799250598,undirected,+
ASV_1403,ASV_1499,0.994524231957023,undirected,+
ASV_470,ASV_1276,0.991808094608685,undirected,+
ASV_1227,ASV_1276,0.993969260397977,undirected,+
ASV_293,ASV_1276,0.991275355523209,undirected,+
ASV_1426,ASV_1276,0.994241177169645,undirected,+
ASV_408,ASV_1276,0.991590348918032,undirected,+
ASV_216,ASV_1276,0.994046744861039,undirected,+
ASV_629,ASV_1276,0.99535086749128,undirected,+
ASV_1331,ASV_1276,0.992783755141503,undirected,+
ASV_852,ASV_1276,0.993634327912895,undirected,+
ASV_4221,ASV_1276,0.994842234484373,undirected,+
ASV_6465,ASV_1276,0.990578772392575,undirected,+
ASV_1628,ASV_1276,0.995784133480865,undirected,+
ASV_16,ASV_1077,0.995230199632629,undirected,+
ASV_1842,ASV_1077,0.997357284395306,undirected,+
ASV_1155,ASV_1077,0.994175511447381,undirected,+
ASV_1018,ASV_1077,0.995272698523262,undirected,+
ASV_6361,ASV_1077,0.995372764330045,undirected,+
ASV_1029,ASV_1960,0.992285857762883,undirected,+
ASV_355,ASV_1960,0.991727774922389,undirected,+
ASV_956,ASV_1960,0.99092353007854,undirected,+
ASV_397,ASV_323,-0.99133335828605,undirected,-
ASV_2077,ASV_1285,0.991969729530443,undirected,+
ASV_367,ASV_233,-0.991093212379089,undirected,-
ASV_4063,ASV_233,0.992700601680904,undirected,+
ASV_165,ASV_700,0.994384487620927,undirected,+
ASV_1349,ASV_700,0.991492930685318,undirected,+
ASV_999,ASV_700,0.994638908320578,undirected,+
ASV_1993,ASV_700,0.994095737793044,undirected,+
ASV_1924,ASV_700,0.991218846124744,undirected,+
ASV_1636,ASV_700,0.994159671736037,undirected,+
ASV_3757,ASV_700,0.992539090783445,undirected,+
ASV_16,ASV_5128,0.991537465372958,undirected,+
ASV_97,ASV_5128,0.993002915396031,undirected,+
ASV_4246,ASV_5128,0.999185816142055,undirected,+
ASV_3149,ASV_5128,0.997332383638275,undirected,+
ASV_4687,ASV_5128,0.990664743695058,undirected,+
ASV_1018,ASV_5128,0.994556191168735,undirected,+
ASV_2307,ASV_5128,0.992177202019893,undirected,+
ASV_6361,ASV_5128,0.991285126441555,undirected,+
ASV_227,ASV_715,0.991776234165726,undirected,+
ASV_2804,ASV_715,-0.997403561916208,undirected,-
ASV_264,ASV_715,-0.990367485362338,undirected,-
ASV_84,ASV_715,-0.991757584214439,undirected,-
ASV_992,ASV_715,-0.992344296058777,undirected,-
ASV_205,ASV_1127,0.995540786265498,undirected,+
ASV_33,ASV_267,0.992093217549263,undirected,+
ASV_50,ASV_267,0.994749258116695,undirected,+
ASV_377,ASV_267,-0.994989200581429,undirected,-
ASV_2529,ASV_267,0.993949984028738,undirected,+
ASV_2971,ASV_267,0.993732145350003,undirected,+
ASV_2316,ASV_267,0.995916108431593,undirected,+
ASV_2582,ASV_267,0.997292143446804,undirected,+
ASV_9,ASV_677,0.991310747008431,undirected,+
ASV_47,ASV_677,0.991781516821676,undirected,+
ASV_77,ASV_677,0.991518503636474,undirected,+
ASV_454,ASV_677,0.991384920179398,undirected,+
ASV_224,ASV_355,0.995220918656937,undirected,+
ASV_2162,ASV_355,-0.991038715768513,undirected,-
ASV_1960,ASV_355,0.991727774922389,undirected,+
ASV_691,ASV_6801,0.991007503781956,undirected,+
ASV_183,ASV_6801,0.993599919434894,undirected,+
ASV_1238,ASV_6801,0.991457715259102,undirected,+
ASV_1636,ASV_6801,0.990709792741037,undirected,+
ASV_3567,ASV_6801,0.993448254853304,undirected,+
ASV_459,ASV_6801,0.998312388057836,undirected,+
ASV_3356,ASV_6801,0.993584313213105,undirected,+
ASV_2058,ASV_6801,0.998053150532257,undirected,+
ASV_239,ASV_5020,0.991045319594397,undirected,+
ASV_264,ASV_5020,0.990374200965416,undirected,+
ASV_331,ASV_5020,0.996972769612498,undirected,+
ASV_3704,ASV_5020,0.994531773186603,undirected,+
ASV_170,ASV_586,0.991440634215245,undirected,+
ASV_1091,ASV_2959,0.992319112652293,undirected,+
ASV_713,ASV_2959,0.993472172201522,undirected,+
ASV_470,ASV_3332,0.992146802688666,undirected,+
ASV_1227,ASV_3332,0.992644395370554,undirected,+
ASV_293,ASV_3332,0.995076956794895,undirected,+
ASV_3567,ASV_3332,0.994867621369071,undirected,+
ASV_1628,ASV_3332,0.990940642769516,undirected,+
ASV_416,ASV_415,0.99580869143894,undirected,+
ASV_185,ASV_1924,-0.990997937383271,undirected,-
ASV_866,ASV_1924,0.990780733511139,undirected,+
ASV_767,ASV_1924,0.994172571508417,undirected,+
ASV_223,ASV_1924,0.997497028200236,undirected,+
ASV_674,ASV_1924,0.996364879796638,undirected,+
ASV_418,ASV_1924,0.992823112597654,undirected,+
ASV_1349,ASV_1924,0.999145756935163,undirected,+
ASV_869,ASV_1924,0.997742807479168,undirected,+
ASV_3126,ASV_1924,0.9984229630886,undirected,+
ASV_999,ASV_1924,0.99582997496478,undirected,+
ASV_1993,ASV_1924,0.998749697574202,undirected,+
ASV_3000,ASV_1924,0.996832200769105,undirected,+
ASV_700,ASV_1924,0.991218846124744,undirected,+
ASV_4919,ASV_1924,0.993284548061389,undirected,+
ASV_16,ASV_1155,0.990421471996042,undirected,+
ASV_1842,ASV_1155,0.998581565208305,undirected,+
ASV_3037,ASV_1155,0.994196138797042,undirected,+
ASV_1077,ASV_1155,0.994175511447381,undirected,+
ASV_1018,ASV_1155,0.992759815409846,undirected,+
ASV_1711,ASV_1155,0.991017058774794,undirected,+
ASV_6361,ASV_1155,0.996651865303816,undirected,+
ASV_758,ASV_612,0.995612457220371,undirected,+
ASV_470,ASV_1238,0.990654210172165,undirected,+
ASV_1227,ASV_1238,0.99548951683661,undirected,+
ASV_293,ASV_1238,0.995329133168786,undirected,+
ASV_183,ASV_1238,0.990312466522571,undirected,+
ASV_408,ASV_1238,0.994956665938402,undirected,+
ASV_216,ASV_1238,0.998417239820381,undirected,+
ASV_1331,ASV_1238,0.99594742307437,undirected,+
ASV_6801,ASV_1238,0.991457715259102,undirected,+
ASV_6465,ASV_1238,0.995641029744388,undirected,+
ASV_1628,ASV_1238,0.992785794332258,undirected,+
ASV_3356,ASV_1238,0.992002704380673,undirected,+
ASV_298,ASV_494,0.990575252698834,undirected,+
ASV_233,ASV_4063,0.992700601680904,undirected,+
ASV_383,ASV_4063,0.992763599092138,undirected,+
ASV_558,ASV_1496,0.995627412456304,undirected,+
ASV_357,ASV_836,0.993891312681628,undirected,+
ASV_4739,ASV_836,0.994655227895136,undirected,+
ASV_459,ASV_836,0.995560477231253,undirected,+
ASV_168,ASV_1833,0.992314465185338,undirected,+
ASV_690,ASV_3069,0.996209339469517,undirected,+
ASV_450,ASV_1116,0.992895716030574,undirected,+
ASV_2593,ASV_1116,0.994946441648333,undirected,+
ASV_125,ASV_1116,0.99630012942569,undirected,+
ASV_2550,ASV_1116,0.999299617977678,undirected,+
ASV_5,ASV_713,0.990650510291287,undirected,+
ASV_372,ASV_713,0.99495809021662,undirected,+
ASV_2959,ASV_713,0.993472172201522,undirected,+
ASV_3850,ASV_713,0.991746205423937,undirected,+
ASV_246,ASV_3143,-0.993914915257653,undirected,-
ASV_208,ASV_295,-0.995877060166458,undirected,-
ASV_1378,ASV_2907,0.99150640597142,undirected,+
ASV_364,ASV_2137,-0.990730285009371,undirected,-
ASV_322,ASV_2137,0.9941082512718,undirected,+
ASV_284,ASV_1119,0.990850917707965,undirected,+
ASV_6232,ASV_1119,0.992079354886922,undirected,+
ASV_1265,ASV_627,0.992252671775228,undirected,+
ASV_537,ASV_6091,0.992888357421747,undirected,+
ASV_2114,ASV_6091,0.997275009921171,undirected,+
ASV_3,ASV_805,-0.993049562901919,undirected,-
ASV_1,ASV_1404,0.993558181687431,undirected,+
ASV_239,ASV_1404,0.997257194927347,undirected,+
ASV_1366,ASV_5712,-0.991957768659505,undirected,-
ASV_409,ASV_1830,0.993388108341525,undirected,+
ASV_587,ASV_1830,0.990856902368342,undirected,+
ASV_4269,ASV_1830,0.991767619016362,undirected,+
ASV_3990,ASV_1830,0.991395660023666,undirected,+
ASV_4739,ASV_1636,0.997033899713439,undirected,+
ASV_1993,ASV_1636,0.994767841714361,undirected,+
ASV_700,ASV_1636,0.994159671736037,undirected,+
ASV_6801,ASV_1636,0.990709792741037,undirected,+
ASV_459,ASV_1636,0.993586418148203,undirected,+
ASV_148,ASV_2113,0.997055585129277,undirected,+
ASV_503,ASV_2900,0.990931671896818,undirected,+
ASV_563,ASV_308,0.99292322485222,undirected,+
ASV_1277,ASV_1434,0.996289452388124,undirected,+
ASV_816,ASV_478,-0.99574193953246,undirected,-
ASV_16,ASV_1018,0.996538055664441,undirected,+
ASV_97,ASV_1018,0.994742506928208,undirected,+
ASV_1842,ASV_1018,0.997305926326586,undirected,+
ASV_4246,ASV_1018,0.990526670837688,undirected,+
ASV_3149,ASV_1018,0.991775384455073,undirected,+
ASV_1077,ASV_1018,0.995272698523262,undirected,+
ASV_5128,ASV_1018,0.994556191168735,undirected,+
ASV_1155,ASV_1018,0.992759815409846,undirected,+
ASV_6361,ASV_1018,0.997822981808972,undirected,+
ASV_6715,ASV_1190,0.998243902686804,undirected,+
ASV_3464,ASV_1190,0.990931807978477,undirected,+
ASV_2184,ASV_1187,0.992271149644726,undirected,+
ASV_28,ASV_1836,-0.991566124623287,undirected,-
ASV_417,ASV_1836,0.993081568967394,undirected,+
ASV_179,ASV_1836,-0.993674177696391,undirected,-
ASV_683,ASV_1284,0.996049208033719,undirected,+
ASV_280,ASV_689,0.996738725105308,undirected,+
ASV_90,ASV_689,-0.997746387876468,undirected,-
ASV_73,ASV_992,0.993008537672221,undirected,+
ASV_247,ASV_992,0.998604520254644,undirected,+
ASV_327,ASV_992,0.992347759215297,undirected,+
ASV_2804,ASV_992,0.995367114062675,undirected,+
ASV_715,ASV_992,-0.992344296058777,undirected,-
ASV_330,ASV_992,0.991227196915644,undirected,+
ASV_1826,ASV_992,0.998582629250747,undirected,+
ASV_3861,ASV_3264,-0.996257840589818,undirected,-
ASV_888,ASV_566,0.991283291384815,undirected,+
ASV_2162,ASV_956,-0.993326441538612,undirected,-
ASV_1156,ASV_956,0.996922318972421,undirected,+
ASV_1960,ASV_956,0.99092353007854,undirected,+
ASV_218,ASV_442,0.993978916201832,undirected,+
ASV_1195,ASV_442,0.992006672645435,undirected,+
ASV_2256,ASV_442,0.994519178190385,undirected,+
ASV_1306,ASV_442,0.992944033340706,undirected,+
ASV_449,ASV_660,-0.994151269055996,undirected,-
ASV_6091,ASV_2114,0.997275009921171,undirected,+
ASV_131,ASV_890,0.992268983222376,undirected,+
ASV_2219,ASV_890,0.990304019295336,undirected,+
ASV_7711,ASV_890,0.993362130310397,undirected,+
ASV_3354,ASV_4215,0.990821084539497,undirected,+
ASV_446,ASV_1554,0.990847119996224,undirected,+
ASV_450,ASV_3990,0.991960681861579,undirected,+
ASV_409,ASV_3990,0.99753412453303,undirected,+
ASV_4269,ASV_3990,0.999464505721003,undirected,+
ASV_1535,ASV_3990,0.998939548054837,undirected,+
ASV_1239,ASV_3990,0.990300859054691,undirected,+
ASV_1069,ASV_3990,0.994097099728775,undirected,+
ASV_2387,ASV_3990,0.991699514632619,undirected,+
ASV_1830,ASV_3990,0.991395660023666,undirected,+
ASV_4776,ASV_3990,0.997825577403239,undirected,+
ASV_8377,ASV_3990,0.994058226840935,undirected,+
ASV_33,ASV_2971,0.990259465679221,undirected,+
ASV_50,ASV_2971,0.997348633051837,undirected,+
ASV_504,ASV_2971,0.993165656255261,undirected,+
ASV_450,ASV_2971,0.991578969370376,undirected,+
ASV_2593,ASV_2971,0.997058602664728,undirected,+
ASV_1327,ASV_2971,0.991631648131828,undirected,+
ASV_267,ASV_2971,0.993732145350003,undirected,+
ASV_2550,ASV_2971,0.99144583045008,undirected,+
ASV_2412,ASV_2971,0.996589368498514,undirected,+
ASV_2316,ASV_2971,0.994799371911584,undirected,+
ASV_2582,ASV_2971,0.991803056672474,undirected,+
ASV_3264,ASV_3861,-0.996257840589818,undirected,-
ASV_2058,ASV_3861,0.990911859518697,undirected,+
ASV_2403,ASV_3861,0.992083347295433,undirected,+
ASV_5,ASV_330,0.995292669951773,undirected,+
ASV_555,ASV_330,0.99278354898537,undirected,+
ASV_247,ASV_330,0.994389732196993,undirected,+
ASV_372,ASV_330,0.994128259610604,undirected,+
ASV_992,ASV_330,0.991227196915644,undirected,+
ASV_8823,ASV_330,0.992978206121413,undirected,+
ASV_1826,ASV_330,0.99385196281453,undirected,+
ASV_3759,ASV_330,0.994659882024422,undirected,+
ASV_1722,ASV_3464,0.993293845582065,undirected,+
ASV_6715,ASV_3464,0.993237956948161,undirected,+
ASV_1190,ASV_3464,0.990931807978477,undirected,+
ASV_6758,ASV_3464,0.994748809099068,undirected,+
ASV_263,ASV_964,0.995106601951515,undirected,+
ASV_1882,ASV_964,0.993934950600035,undirected,+
ASV_519,ASV_1909,0.991125827400784,undirected,+
ASV_450,ASV_4776,0.997089153507905,undirected,+
ASV_409,ASV_4776,0.99589004142688,undirected,+
ASV_2593,ASV_4776,0.99441043551394,undirected,+
ASV_1327,ASV_4776,0.994661003304698,undirected,+
ASV_4269,ASV_4776,0.998411910107715,undirected,+
ASV_1535,ASV_4776,0.99932589323498,undirected,+
ASV_1069,ASV_4776,0.994839827143403,undirected,+
ASV_2387,ASV_4776,0.996168748487006,undirected,+
ASV_3990,ASV_4776,0.997825577403239,undirected,+
ASV_2412,ASV_4776,0.994104196967513,undirected,+
ASV_8377,ASV_4776,0.990783922787018,undirected,+
ASV_338,ASV_1051,-0.995060388632911,undirected,-
ASV_646,ASV_483,0.995157490399187,undirected,+
ASV_47,ASV_7046,0.992007024221129,undirected,+
ASV_328,ASV_7046,0.99400524634554,undirected,+
ASV_2206,ASV_7046,0.990643369351882,undirected,+
ASV_1239,ASV_7046,0.991596891555086,undirected,+
ASV_1095,ASV_7046,0.991436247512431,undirected,+
ASV_4925,ASV_7046,0.991044383250961,undirected,+
ASV_8377,ASV_7046,0.998132147665577,undirected,+
ASV_601,ASV_1460,0.992953951611996,undirected,+
ASV_1227,ASV_3567,0.99103050773805,undirected,+
ASV_293,ASV_3567,0.99412077879835,undirected,+
ASV_714,ASV_3567,0.995574100344548,undirected,+
ASV_1331,ASV_3567,0.990532848991541,undirected,+
ASV_6801,ASV_3567,0.993448254853304,undirected,+
ASV_3332,ASV_3567,0.994867621369071,undirected,+
ASV_6465,ASV_3567,0.990351452794829,undirected,+
ASV_4246,ASV_2307,0.993339659030194,undirected,+
ASV_3149,ASV_2307,0.990537011726715,undirected,+
ASV_5128,ASV_2307,0.992177202019893,undirected,+
ASV_2804,ASV_3850,0.991510795722663,undirected,+
ASV_713,ASV_3850,0.991746205423937,undirected,+
ASV_1187,ASV_2184,0.992271149644726,undirected,+
ASV_246,ASV_1308,0.991001723479942,undirected,+
ASV_522,ASV_930,0.992630938807956,undirected,+
ASV_680,ASV_3636,0.991757722335021,undirected,+
ASV_1532,ASV_3636,0.995023931725159,undirected,+
ASV_5020,ASV_331,0.996972769612498,undirected,+
ASV_1537,ASV_331,0.991425494600857,undirected,+
ASV_390,ASV_1773,0.990643204632309,undirected,+
ASV_2141,ASV_517,0.993435044434248,undirected,+
ASV_24,ASV_6232,0.992495716509338,undirected,+
ASV_284,ASV_6232,0.999452742805062,undirected,+
ASV_508,ASV_6232,0.99643141028812,undirected,+
ASV_2759,ASV_6232,0.990559167990106,undirected,+
ASV_1119,ASV_6232,0.992079354886922,undirected,+
ASV_146,ASV_6232,0.996130253544386,undirected,+
ASV_1737,ASV_6232,0.990575680315158,undirected,+
ASV_196,ASV_3048,0.991856302605341,undirected,+
ASV_627,ASV_1265,0.992252671775228,undirected,+
ASV_71,ASV_1306,0.994170907354235,undirected,+
ASV_442,ASV_1306,0.992944033340706,undirected,+
ASV_4739,ASV_459,0.994520220598647,undirected,+
ASV_6801,ASV_459,0.998312388057836,undirected,+
ASV_836,ASV_459,0.995560477231253,undirected,+
ASV_1636,ASV_459,0.993586418148203,undirected,+
ASV_2058,ASV_459,0.997556859827806,undirected,+
ASV_1909,ASV_519,0.991125827400784,undirected,+
ASV_149,ASV_383,0.990831182278389,undirected,+
ASV_454,ASV_383,0.993122623558775,undirected,+
ASV_4063,ASV_383,0.992763599092138,undirected,+
ASV_5693,ASV_8001,0.997402324217166,undirected,+
ASV_350,ASV_1947,0.99167776029042,undirected,+
ASV_937,ASV_953,0.998143392323146,undirected,+
ASV_214,ASV_6465,0.990383551126673,undirected,+
ASV_24,ASV_6465,0.990632767594544,undirected,+
ASV_284,ASV_6465,0.992133387164409,undirected,+
ASV_1227,ASV_6465,0.997376183445836,undirected,+
ASV_293,ASV_6465,0.996149771181184,undirected,+
ASV_408,ASV_6465,0.999587607621877,undirected,+
ASV_216,ASV_6465,0.996455010529672,undirected,+
ASV_714,ASV_6465,0.99585654483427,undirected,+
ASV_4867,ASV_6465,0.995609077270239,undirected,+
ASV_1331,ASV_6465,0.999678713446849,undirected,+
ASV_1276,ASV_6465,0.990578772392575,undirected,+
ASV_1238,ASV_6465,0.995641029744388,undirected,+
ASV_3567,ASV_6465,0.990351452794829,undirected,+
ASV_1628,ASV_6465,0.992104420928607,undirected,+
ASV_3356,ASV_6465,0.990931818445304,undirected,+
ASV_1737,ASV_6465,0.990845076564279,undirected,+
ASV_121,ASV_819,-0.995926140666738,undirected,-
ASV_67,ASV_1111,0.991585585182779,undirected,+
ASV_725,ASV_1111,0.996535138509789,undirected,+
ASV_2714,ASV_1111,0.994970188968098,undirected,+
ASV_277,ASV_777,0.992964648861422,undirected,+
ASV_8823,ASV_983,0.997166867860993,undirected,+
ASV_3759,ASV_983,0.996721297478796,undirected,+
ASV_733,ASV_2092,0.996821555286375,undirected,+
ASV_470,ASV_1628,0.999215301549487,undirected,+
ASV_1227,ASV_1628,0.998309488074387,undirected,+
ASV_293,ASV_1628,0.997365552421098,undirected,+
ASV_408,ASV_1628,0.991465300631101,undirected,+
ASV_216,ASV_1628,0.993948945666285,undirected,+
ASV_629,ASV_1628,0.999522152970862,undirected,+
ASV_1331,ASV_1628,0.99441575477617,undirected,+
ASV_4221,ASV_1628,0.991455252077803,undirected,+
ASV_1276,ASV_1628,0.995784133480865,undirected,+
ASV_3332,ASV_1628,0.990940642769516,undirected,+
ASV_1238,ASV_1628,0.992785794332258,undirected,+
ASV_6465,ASV_1628,0.992104420928607,undirected,+
ASV_112,ASV_2501,0.996292822580324,undirected,+
ASV_185,ASV_4919,-0.990682600293552,undirected,-
ASV_33,ASV_4919,0.995315079569655,undirected,+
ASV_50,ASV_4919,0.991087182805713,undirected,+
ASV_6,ASV_4919,0.992529828974191,undirected,+
ASV_767,ASV_4919,0.995065034045084,undirected,+
ASV_674,ASV_4919,0.998185760187386,undirected,+
ASV_1349,ASV_4919,0.992728785395501,undirected,+
ASV_3126,ASV_4919,0.994673470404314,undirected,+
ASV_999,ASV_4919,0.995906211780757,undirected,+
ASV_377,ASV_4919,-0.99537605541156,undirected,-
ASV_1421,ASV_4919,0.994232739036651,undirected,+
ASV_3000,ASV_4919,0.993519249639808,undirected,+
ASV_2529,ASV_4919,0.997808725426714,undirected,+
ASV_1924,ASV_4919,0.993284548061389,undirected,+
ASV_2316,ASV_4919,0.995648731198476,undirected,+
ASV_2582,ASV_4919,0.995919220663268,undirected,+
ASV_1161,ASV_425,0.993725982452759,undirected,+
ASV_729,ASV_1160,0.99435564399992,undirected,+
ASV_506,ASV_1160,0.990629097408757,undirected,+
ASV_402,ASV_1160,0.992838660326426,undirected,+
ASV_101,ASV_7118,0.993967147224637,undirected,+
ASV_641,ASV_7118,0.991382350525585,undirected,+
ASV_3704,ASV_7118,0.992767426074429,undirected,+
ASV_331,ASV_1537,0.991425494600857,undirected,+
ASV_157,ASV_733,0.99163451061666,undirected,+
ASV_2092,ASV_733,0.996821555286375,undirected,+
ASV_516,ASV_1191,0.992728148810043,undirected,+
ASV_2141,ASV_1672,0.991872429240163,undirected,+
ASV_3805,ASV_1672,0.99725559930644,undirected,+
ASV_2416,ASV_1456,0.990989226235238,undirected,+
ASV_1603,ASV_3354,0.998853323479998,undirected,+
ASV_4215,ASV_3354,0.990821084539497,undirected,+
ASV_2593,ASV_2550,0.994575882014082,undirected,+
ASV_125,ASV_2550,0.995703083031542,undirected,+
ASV_1116,ASV_2550,0.999299617977678,undirected,+
ASV_2971,ASV_2550,0.99144583045008,undirected,+
ASV_1722,ASV_6758,0.993393992568865,undirected,+
ASV_3464,ASV_6758,0.994748809099068,undirected,+
ASV_4,ASV_911,0.991317910454282,undirected,+
ASV_278,ASV_933,0.991491360141538,undirected,+
ASV_89,ASV_516,0.993935388718541,undirected,+
ASV_1191,ASV_516,0.992728148810043,undirected,+
ASV_1059,ASV_518,0.994380955100859,undirected,+
ASV_291,ASV_4573,0.992462883520714,undirected,+
ASV_50,ASV_2412,0.995271074669776,undirected,+
ASV_245,ASV_2412,0.99247998576557,undirected,+
ASV_450,ASV_2412,0.99409020028606,undirected,+
ASV_328,ASV_2412,0.991814369056825,undirected,+
ASV_2593,ASV_2412,0.998217673688578,undirected,+
ASV_125,ASV_2412,0.991194121973173,undirected,+
ASV_1327,ASV_2412,0.996447262060451,undirected,+
ASV_659,ASV_2412,0.990851248334704,undirected,+
ASV_2971,ASV_2412,0.996589368498514,undirected,+
ASV_4776,ASV_2412,0.994104196967513,undirected,+
ASV_1200,ASV_198,0.994608279680492,undirected,+
ASV_588,ASV_198,0.991561731825779,undirected,+
ASV_3636,ASV_1532,0.995023931725159,undirected,+
ASV_214,ASV_3356,0.998380603813937,undirected,+
ASV_107,ASV_3356,-0.996339886392815,undirected,-
ASV_223,ASV_3356,0.991029989422288,undirected,+
ASV_418,ASV_3356,0.995006262450573,undirected,+
ASV_691,ASV_3356,0.999273629709143,undirected,+
ASV_1195,ASV_3356,0.994573506090182,undirected,+
ASV_183,ASV_3356,0.999830821280222,undirected,+
ASV_869,ASV_3356,0.992321000627596,undirected,+
ASV_714,ASV_3356,0.99082796565764,undirected,+
ASV_4867,ASV_3356,0.995009643054916,undirected,+
ASV_3230,ASV_3356,0.990506942380309,undirected,+
ASV_6801,ASV_3356,0.993584313213105,undirected,+
ASV_1238,ASV_3356,0.992002704380673,undirected,+
ASV_6465,ASV_3356,0.990931818445304,undirected,+
ASV_7049,ASV_3356,0.992918472210002,undirected,+
ASV_228,ASV_5654,0.991463163497398,undirected,+
ASV_67,ASV_2714,0.993704991823583,undirected,+
ASV_725,ASV_2714,0.995294459827806,undirected,+
ASV_1138,ASV_2714,0.990500275623285,undirected,+
ASV_1111,ASV_2714,0.994970188968098,undirected,+
ASV_8001,ASV_5693,0.997402324217166,undirected,+
ASV_555,ASV_8823,0.991495298682578,undirected,+
ASV_327,ASV_8823,0.993096249460061,undirected,+
ASV_2180,ASV_8823,0.992388690622436,undirected,+
ASV_330,ASV_8823,0.992978206121413,undirected,+
ASV_983,ASV_8823,0.997166867860993,undirected,+
ASV_1826,ASV_8823,0.991376974262733,undirected,+
ASV_3759,ASV_8823,0.998991231673327,undirected,+
ASV_3282,ASV_5770,0.997526882998363,undirected,+
ASV_198,ASV_588,0.991561731825779,undirected,+
ASV_307,ASV_3757,0.994848773727004,undirected,+
ASV_700,ASV_3757,0.992539090783445,undirected,+
ASV_1403,ASV_1253,0.990618433771982,undirected,+
ASV_188,ASV_4925,0.994177175364779,undirected,+
ASV_780,ASV_4925,0.995676016450216,undirected,+
ASV_2992,ASV_4925,0.992888362963273,undirected,+
ASV_303,ASV_4925,-0.993005501089729,undirected,-
ASV_7046,ASV_4925,0.991044383250961,undirected,+
ASV_425,ASV_1161,0.993725982452759,undirected,+
ASV_47,ASV_8377,0.990464193311561,undirected,+
ASV_328,ASV_8377,0.994946916124809,undirected,+
ASV_4269,ASV_8377,0.991750047844362,undirected,+
ASV_1535,ASV_8377,0.990389061531171,undirected,+
ASV_1239,ASV_8377,0.993609905140448,undirected,+
ASV_3990,ASV_8377,0.994058226840935,undirected,+
ASV_4776,ASV_8377,0.990783922787018,undirected,+
ASV_7046,ASV_8377,0.998132147665577,undirected,+
ASV_264,ASV_634,0.991580858752513,undirected,+
ASV_33,ASV_2316,0.995284456211327,undirected,+
ASV_50,ASV_2316,0.997380999096423,undirected,+
ASV_6,ASV_2316,0.992191060737433,undirected,+
ASV_504,ASV_2316,0.9912393309486,undirected,+
ASV_674,ASV_2316,0.990372780721383,undirected,+
ASV_377,ASV_2316,-0.995236897734116,undirected,-
ASV_1421,ASV_2316,0.991944006341039,undirected,+
ASV_2529,ASV_2316,0.999232786655472,undirected,+
ASV_267,ASV_2316,0.995916108431593,undirected,+
ASV_2971,ASV_2316,0.994799371911584,undirected,+
ASV_4919,ASV_2316,0.995648731198476,undirected,+
ASV_2582,ASV_2316,0.999221981789035,undirected,+
ASV_237,ASV_6405,0.991955947515876,undirected,+
ASV_231,ASV_6405,0.99715473424421,undirected,+
ASV_514,ASV_1346,0.991932290359449,undirected,+
ASV_1285,ASV_2077,0.991969729530443,undirected,+
ASV_5,ASV_669,0.991462635476671,undirected,+
ASV_33,ASV_2582,0.994605684371179,undirected,+
ASV_50,ASV_2582,0.995431629129677,undirected,+
ASV_999,ASV_2582,0.990416298035553,undirected,+
ASV_377,ASV_2582,-0.997913128641506,undirected,-
ASV_1421,ASV_2582,0.990803722266144,undirected,+
ASV_2529,ASV_2582,0.999292799250598,undirected,+
ASV_267,ASV_2582,0.997292143446804,undirected,+
ASV_2971,ASV_2582,0.991803056672474,undirected,+
ASV_4919,ASV_2582,0.995919220663268,undirected,+
ASV_2316,ASV_2582,0.999221981789035,undirected,+
ASV_101,ASV_3704,0.991032069744092,undirected,+
ASV_73,ASV_3704,0.994871823864752,undirected,+
ASV_264,ASV_3704,0.993996004237381,undirected,+
ASV_5020,ASV_3704,0.994531773186603,undirected,+
ASV_7118,ASV_3704,0.992767426074429,undirected,+
ASV_127,ASV_1783,0.991464491037168,undirected,+
ASV_994,ASV_1783,-0.990713076153346,undirected,-
ASV_6801,ASV_2058,0.998053150532257,undirected,+
ASV_3861,ASV_2058,0.990911859518697,undirected,+
ASV_459,ASV_2058,0.997556859827806,undirected,+
ASV_990,ASV_4888,0.993918312287552,undirected,+
ASV_2137,ASV_322,0.9941082512718,undirected,+
ASV_624,ASV_703,-0.993537392049123,undirected,-
ASV_29,ASV_1182,-0.992935176467372,undirected,-
ASV_341,ASV_1182,-0.991974866899965,undirected,-
ASV_32,ASV_1059,0.99037751916752,undirected,+
ASV_518,ASV_1059,0.994380955100859,undirected,+
ASV_114,ASV_481,0.992910862210306,undirected,+
ASV_1216,ASV_481,0.99063699537018,undirected,+
ASV_716,ASV_7817,0.992625043845422,undirected,+
ASV_131,ASV_7711,0.998959162899605,undirected,+
ASV_758,ASV_7711,0.99255742690252,undirected,+
ASV_2219,ASV_7711,0.998724190546346,undirected,+
ASV_890,ASV_7711,0.993362130310397,undirected,+
ASV_738,ASV_620,0.994852115724202,undirected,+
ASV_60,ASV_1711,0.996747742102051,undirected,+
ASV_252,ASV_1711,0.990370032113854,undirected,+
ASV_1399,ASV_1711,0.993793011247012,undirected,+
ASV_3037,ASV_1711,0.996665194563461,undirected,+
ASV_1155,ASV_1711,0.991017058774794,undirected,+
ASV_171,ASV_719,0.991919886838637,undirected,+
ASV_718,ASV_719,-0.991831792663436,undirected,-
ASV_1499,ASV_1403,0.994524231957023,undirected,+
ASV_1253,ASV_1403,0.990618433771982,undirected,+
ASV_555,ASV_1826,0.99566321938834,undirected,+
ASV_247,ASV_1826,0.996521957230093,undirected,+
ASV_327,ASV_1826,0.993539984009985,undirected,+
ASV_372,ASV_1826,0.991971169613207,undirected,+
ASV_1344,ASV_1826,0.992526023711308,undirected,+
ASV_2804,ASV_1826,0.994915735413723,undirected,+
ASV_992,ASV_1826,0.998582629250747,undirected,+
ASV_330,ASV_1826,0.99385196281453,undirected,+
ASV_8823,ASV_1826,0.991376974262733,undirected,+
ASV_3759,ASV_1826,0.991812264149745,undirected,+
ASV_284,ASV_146,0.993468890254354,undirected,+
ASV_508,ASV_146,0.993694770318278,undirected,+
ASV_94,ASV_146,0.997099442521452,undirected,+
ASV_2759,ASV_146,0.993912442795068,undirected,+
ASV_277,ASV_146,0.990983512302758,undirected,+
ASV_1653,ASV_146,0.992622228323435,undirected,+
ASV_6232,ASV_146,0.996130253544386,undirected,+
ASV_478,ASV_816,-0.99574193953246,undirected,-
ASV_32,ASV_3759,0.990407772473538,undirected,+
ASV_555,ASV_3759,0.992051334543926,undirected,+
ASV_330,ASV_3759,0.994659882024422,undirected,+
ASV_983,ASV_3759,0.996721297478796,undirected,+
ASV_8823,ASV_3759,0.998991231673327,undirected,+
ASV_1826,ASV_3759,0.991812264149745,undirected,+
ASV_214,ASV_7049,0.994624040671407,undirected,+
ASV_418,ASV_7049,0.992515431411837,undirected,+
ASV_218,ASV_7049,0.994434744760858,undirected,+
ASV_691,ASV_7049,0.995318474036534,undirected,+
ASV_1195,ASV_7049,0.99663739924204,undirected,+
ASV_183,ASV_7049,0.992465654415024,undirected,+
ASV_714,ASV_7049,0.994429771449659,undirected,+
ASV_4867,ASV_7049,0.995945851490916,undirected,+
ASV_2256,ASV_7049,0.990993296746374,undirected,+
ASV_3356,ASV_7049,0.992918472210002,undirected,+
ASV_118,ASV_1949,0.991296972287954,undirected,+
ASV_347,ASV_1949,0.992566749254241,undirected,+
ASV_1274,ASV_1949,0.999254698824485,undirected,+
ASV_1057,ASV_1949,0.99324717305574,undirected,+
ASV_1517,ASV_1949,0.995852383722566,undirected,+
ASV_953,ASV_937,0.998143392323146,undirected,+
ASV_5770,ASV_3282,0.997526882998363,undirected,+
ASV_316,ASV_1905,0.990559001913751,undirected,+
ASV_107,ASV_2403,-0.994561348980299,undirected,-
ASV_3861,ASV_2403,0.992083347295433,undirected,+
ASV_822,ASV_1176,0.996643497100754,undirected,+
ASV_284,ASV_1737,0.991641909605213,undirected,+
ASV_508,ASV_1737,0.996471143085215,undirected,+
ASV_408,ASV_1737,0.992382209389511,undirected,+
ASV_714,ASV_1737,0.994745834621899,undirected,+
ASV_6232,ASV_1737,0.990575680315158,undirected,+
ASV_6465,ASV_1737,0.990845076564279,undirected,+
ASV_16,ASV_6361,0.992312670580299,undirected,+
ASV_1399,ASV_6361,0.991038693558998,undirected,+
ASV_1842,ASV_6361,0.998746147081545,undirected,+
ASV_3037,ASV_6361,0.99438255505121,undirected,+
ASV_1077,ASV_6361,0.995372764330045,undirected,+
ASV_5128,ASV_6361,0.991285126441555,undirected,+
ASV_1155,ASV_6361,0.996651865303816,undirected,+
ASV_1018,ASV_6361,0.997822981808972,undirected,+
ASV_719,ASV_718,-0.991831792663436,undirected,-
ASV_846,ASV_1391,0.993875257749422,undirected,+
